DATA	KEY	MARCO / EVENTO	ÂMBITO	#Fontes	Validado	Tópico 1 	Tópico 2	Tópico 3
1962-01-01	1962010100	Criação do Gabinete de Investigações Sociais	Iscte	1	FALSE			
1962-10-09	1962100900	Criação do Instituto de Estudos Sociais, com atividades de ensino	Iscte	1	TRUE			
1963-01-01	1963010100	Publicação do nº. 1 da Revista Análise Social	Iscte	1	TRUE			
1972-10-01	1972100100	Existem 296 alunos: 66 em Organização e Gestão de Empresas (OGE), 11 em Ciências do Trabalho e 219 em Economia.	Iscte	1	TRUE	1972-1981		
1972-12-15	1972121500	Criação das licenciaturas em Organização e Gestão de Empresas (OGE) e em Ciências do Trabalho no ISCTE, no quadro de uma reestruturação dos cursos lecionados nos então ISCEF e ISCPU. Os alunos excedentários de um destes institutos podem ir para outros. Foi o caso de Economia.	Iscte	1	TRUE	1972-1981	Ensino	Memória
1972-12-15	1972121501	Criação do ISCTE. É assim reconvertido o Instituto de Estudos Sociais.	Iscte	1	TRUE	1972-1981	Estatuto	
1972-12-15	1972121502	Instalações funcionam no Campo Grande 185	Iscte	2	TRUE	1972-1981	Memória	
1972-12-21	1972122100	Matricula-se o estudante nº. 1 do novo ISCTE: Abel dos Santos Alves 	Iscte	1	FALSE	1972-1981	Comunidade	Pessoas
1973-01-01	1973010100	CEE: adesão da Dinamarca, Irlanda e Reino Unido	Internacional	1	TRUE	1972-1981		
1973-02-03	1973020300	Número de docentes: 12	Iscte	1	FALSE	1972-1981	Comunidade	
1973-08-11	1973081100	Criação da Universidade Nova de Lisboa onde figura o ISCTE	Iscte	1	TRUE	1972-1981		
1973-09-11	1973091100	Chile: derrube do governo de Salvador Allende por um golpe militar liderado por Pinochet	Internacional	1	TRUE	1972-1981		
1973-09-24	1973092400	Guiné-Bissau: declaração unilateral da independência pelo PAIGC 	Internacional	1	TRUE	1972-1981		
1973-10-01	1973100100	Número de discentes: 942 (JFB)	Iscte	1	FALSE	1972-1981	Comunidade	
1974-01-01	1974010100	Henrique Martins de Carvalho é nomeado diretor do Iscte	Iscte	1	FALSE	1972-1981	Comunidade	Pessoas
1974-04-25	1974042500	Portugal: Revolução dos Cravos	Nacional	1	TRUE	1972-1981		
1974-04-27	1974042700	Primeira reunião do Conselho Escolar após golpe militar	Iscte	1	FALSE	1972-1981		
1974-04-29	1974042900	Exoneração dos reitores e vice-reitores das universidades, directores das faculdades, escolas ou institutos universitários	Nacional	1	TRUE	1972-1981	Comunidade	
1974-05-02	1974050200	Eleição de uma Comissão Directiva	Iscte	1	FALSE	1972-1981	Comunidade	
1974-05-02	1974050201	Extinção do Conselho Escolar pela Assembleia Plenária do ISCTE	Iscte	1	FALSE	1972-1981		
1974-05-16	1974051600	Mário Murteira, ministro dos Assuntos Sociais do Primeiro Governo Provisório	Iscte	1	TRUE	1972-1981	Comunidade	Pessoas
1974-05-28	1974052800	Criação de um Conselho Diretivo composto por docentes, discentes e funcionários. Ratificada a Assembleia Plenária com grandes poderes	Iscte	2	TRUE	1972-1981	Comunidade	
1974-06-26	1974062600	Os estudantes lutam pela gestão democrática do ensino	Iscte	1	FALSE	1972-1981		
1974-07-15	1974071500	Grécia: cai a ditadura dos Coronéis	Internacional	1	TRUE	1972-1981		
1974-10-01	1974100100	Número de discentes: 879  (JFB) 	Iscte	1	TRUE	1972-1981	Comunidade	
1974-12-04	1974120400	José Manuel Prostes da Fonseca, Secretário de Estado da Administração Escolar	Nacional	1	TRUE	1972-1981		
1974-12-31	1974123100	Ano letivo funciona também em espaço alugado da Feira Popular de Lisboa	Iscte	1	FALSE	1972-1981	Memória	
1975-02-24	1975022400	Jorge Correia Jesuíno, ministro da Comunicação Social do III Governo Provisório	Iscte	1	TRUE	1972-1981		
1975-03-26	1975032600	Mário Murteira, ministro do Planeamento e Coordenação Económica do IV Governo Provisório	Nacional	1	FALSE	1972-1981	Comunidade	Pessoas
1975-03-26	1975032601	Jorge Correia Jesuíno, ministro da Comunicação Social do IV Governo Provisório	Nacional	1	FALSE	1972-1981		
1975-04-30	1975043000	Rendição de Saigão. Fim da Guerra do Vietname	Internacional	1	TRUE	1972-1981		
1975-06-05	1975060500	Independência de Cabo Verde	Internacional	1	TRUE	1972-1981		
1975-06-25	1975062500	Independência de Moçambique	Internacional	1	TRUE	1972-1981		
1975-07-12	1975071200	Independência de São Tomé e Príncipe	Internacional	1	TRUE	1972-1981		
1975-08-01	1975080100	 Acordos de Helsínquia	Internacional	1	TRUE	1972-1981		
1975-08-08	1975080800	Mário Murteira, ministro do Planeamento e Coordenação Económica do V Governo Provisório	Nacional	1	FALSE	1972-1981		
1975-08-08	1975080801	Jorge Correia Jesuíno, ministro da Comunicação Social do V Governo Provisório	Nacional	1	FALSE	1972-1981		
1975-11-11	1975111100	Independência de Angola	Internacional	1	TRUE	1972-1981		
1975-11-20	1975112000	Espanha: Fim do regime franquista	Internacional	1	TRUE	1972-1981		
1976-07-09	1976070900	Criação do Instituto Nacional de Investigação Científica (INIC)	Nacional	2	TRUE	1972-1981	Investigação	
1977-01-01	1977010100	Francisco Pina Prata é presidente do Conselho Científico (eleito)	Iscte	1	FALSE	1972-1981		
1977-05-02	1977050200	José Joaquim Laginha é presidente do Conselho Diretivo (eleito)	Iscte	1	FALSE	1972-1981	Comunidade	Pessoas
1977-09-30	1977093000	Número de discentes: 1569 (JFB)	Iscte	1	TRUE	1972-1981	Comunidade	
1977-10-01	1977100100	Início da extinção da licenciatura em Economia	Iscte	1	FALSE	1972-1981		
1977-11-10	1977111000	Desanexação da Universidade Nova de Lisboa, ficando na dependência direta da Direção Geral do Ensino Superior	Iscte	1	TRUE	1972-1981		
1977-12-27	1977122700	Aprovado o plano de estudos apresentado para a licenciatura em Sociologia	Iscte	1	FALSE	1972-1981		
1977-12-31	1977123100	Mário Murteira é presidente do Conselho Pedagógico (eleito)	Iscte	1	FALSE	1972-1981	Comunidade	Pessoas
1978-01-01	1978010100	Inauguração do Edifício1 (11.349 m2)	Iscte	1	TRUE	1972-1981	Campus	Infraestruturação
1978-05-05	1978050500	Reconhecimento da licenciatura e doutoramento em Sociologia 	Iscte	2	TRUE	1972-1981	Ensino	
1978-05-05	1978050501	Adérito Sedas Nunes é presidente do Conselho Científico (eleito)	Iscte	1	FALSE	1972-1981	Comunidade	Pessoas
1978-10-14	1978101400	Institucionalização do Numerus Clausus	Nacional	1	TRUE	1972-1981	Comunidade	
1979-04-26	1979042600	Francisco Pina Prata é presidente do Conselho Diretivo (eleito)	Iscte	1	FALSE	1972-1981	Comunidade	Pessoas
1979-05-02	1979050200	Criação do Conselho de Reitores das Universidades Portuguesas (CRUP)	Nacional	2	TRUE	1972-1981		
1979-07-03	1979070300	José Joaquim Laginha é presidente do Conselho Pedagógico (eleito)	Iscte	1	FALSE	1972-1981	Comunidade	Pessoas
1979-07-31	1979073100	Adérito Sedas Nunes, ministro da Cultura e da Ciência do V Governo Constitucional	Iscte	1	TRUE	1972-1981	Comunidade	Pessoas
1979-11-13	1979111300	Aprovação do Estatuto da Carreira Docente Universitária	Nacional	1	TRUE	1972-1981	Comunidade	
1979-12-05	1979120500	Universidade Técnica não aceita integrar o ISCTE	Iscte	1	FALSE	1972-1981		
1980-01-01	1980010100	Terramoto em Angra do Heroísmo	Nacional	1	TRUE	1972-1981		
1980-02-16	1980021600	Naufrágio do navio Tollan no rio Tejo frente ao Terreiro do Paço, Lisboa. Seria removido a 2-12-1983	Nacional	0	FALSE	1972-1981		
1980-03-07	1980030700	Emissão regular de televisão a cores	Nacional	2	FALSE	1972-1981		
1980-03-19	1980031900	Adérito Sedas Nunes permanece como presidente do Conselho Científico	Iscte	1	FALSE	1972-1981		
1980-03-19	1980031901	Ricardo Fonseca é diretor da Escola de tecnologias e arquitetura (ISTA) (reeleito)	Iscte	1	FALSE	1972-1981	Comunidade	Pessoas
1980-03-19	1980031902	Francisco Pina Prata é presidente do Conselho Pedagógico (eleito)	Iscte	1	FALSE	1972-1981	Comunidade	Pessoas
1980-12-04	1980120400	Morte de Francisco Sá Carneiro (1934-1980)	Nacional	1	TRUE	1972-1981		Pessoas
1981-01-01	1981010100	Entrada da Grécia na União Europeia que assim passa a contar com dez Estados-membos	Internacional	1	TRUE	1972-1981		
1981-03-12	1981031200	Negociações com a Universidade de Lisboa com vista à integração 	Iscte	1	FALSE	1972-1981	Estatuto	
1981-04-07	1981040700	Projeto ISCTE: Gestão Sociologia Tecnologia	Iscte	1	FALSE	1972-1981	Estatuto	Comunidade
1981-04-29	1981042900	Memorial O ISCTE e a Universidade (apresentado à DGES)	Iscte	1	FALSE	1972-1981	Estatuto	Identidade
1981-10-22	1981102200	Criação do Centro de Estudos Africanos (CEA)	Iscte	1	FALSE	1972-1981	Investigação	
1982-01-18	1982011800	José Madureira Pinto primeiro doutorado pelo ISCTE (Sociologia)	Iscte	1	FALSE	1982-1991	Memória	Pessoas
1982-07-01	1982070100	Mário Murteira é presidente do Conselho Científico (eleito)	Iscte	1	FALSE	1982-1991	Comunidade	Pessoas
1982-09-30	1982093000	Número de discentes: 2268	Iscte	1	FALSE	1982-1991	Comunidade	
1982-10-29	1982102900	Licenciatura em Antropologia Social, Raúl Iturra	Iscte	1	FALSE	1982-1991	Comunidade	Pessoas
1982-10-29	1982102901	Criação da Licenciatura em Antropologia Social	Iscte	2	TRUE	1982-1991	Ensino	
1983-01-01	1983010100	International Association for the Exchange of Students for Technical Experience (AIESTE)	Iscte	1	FALSE	1982-1991	Redes	
1983-04-29	1983042900	Atribuição dos graus de mestre e doutor pelo Iscte através da Universidade Técnica de Lisboa (UTL)	Iscte	1	TRUE	1982-1991	Comunidade	Ensino
1983-12-20	1983122000	Criada a revista Ler História	Iscte	1	TRUE	1982-1991	Investigação	
1984-05-29	1984052900	Regime jurídico do pessoal não docente.  	Iscte	1	FALSE	1982-1991	Comunidade	
1984-07-18	1984071800	Associação de Estudos de história contemporânea portuguesa	Iscte	1	FALSE	1982-1991	Investigação	Redes
1984-08-12	1984081200	Carlos Lopes ganha medalha de ouro olímpico na maratona de Los Angeles	Internacional	3	TRUE	1982-1991		Pessoas
1984-09-27	1984092700	José Manuel Prostes da Fonseca é  presidente do Conselho Diretivo (eleito)	Iscte	1	FALSE	1982-1991	Comunidade	Pessoas
1984-11-22	1984112200	Criação do Centro Interdisciplinar de Estudos Económicos (CIDEC)	Iscte	1	FALSE	1982-1991	Prestação de Serviços	Redes
1985-01-01	1985010100	Criada a Revista de Gestão	Iscte	1	FALSE	1982-1991	Investigação	
1985-06-19	1985061900	Criação do Centro de Investigação e Estudos de Sociologia (CIES)	Iscte	1	FALSE	1982-1991	Investigação	Redes
1985-06-20	1985062000	Criado pelo Ministério da Saúde o grupo de trabalho da SIDA	Nacional	1	FALSE	1982-1991		
1985-09-02	1985090200	Entrada em funcionamento da Rede Multibanco (MB)	Nacional	1	FALSE	1982-1991		
1986-01-01	1986010100	Adesão de Portugal e Espanha à CEE	Internacional	2	TRUE	1982-1991		
1986-04-26	1986042600	Acidente nuclear na central de Chernobil, Ucrânia, URSS	Internacional	1	TRUE	1982-1991		
1986-06-09	1986060900	Criação do Centro de Estudos de Antropologia Social (CEAS)	Iscte	1	FALSE	1982-1991	Investigação	Redes
1986-06-30	1986063000	Criada a revista Sociologia, Problemas e Práticas	Iscte	1	FALSE	1982-1991	Investigação	
1986-10-14	1986101400	Lei de bases do sistema educativo	Nacional	1	FALSE	1982-1991	Comunidade	
1986-12-23	1986122300	Criação da Fundação para o desenvolvimento dos meios nacionais de cálculo científico (FCCN)	Nacional	1	FALSE	1982-1991	Comunidade	Infraestruturação
1987-06-15	1987061500	Criação do Programa Erasmus (entre os seus promotores europeus está Manuel Marín (1949-2017) 	Internacional	1	FALSE	1982-1991	Pessoas	Redes
1987-12-16	1987121600	JUSOECONOMIAE - Centro de estudos de direito de empresas da administração pública e das comunidades europeias	Iscte	1	FALSE	1982-1991	Investigação	Redes
1988-07-26	1988072600	Mestrado em Sociologia	Iscte	1	FALSE	1982-1991	Ensino	
1988-07-27	1988072700	Mestrado em Ciências Empresariais	Iscte	2	FALSE	1992-2001	Ensino	
1988-08-24	1988082400	Constituição da Associação de Estudantes (atual AEISCTE-IUL)	Iscte	1	FALSE	1982-1991	Comunidade	Redes
1988-08-25	1988082500	Um incêndio destrói parte do histórico quarteirão do Chiado, no centro de Lisboa	Nacional	2	FALSE	1982-1991		
1988-09-23	1988092300	Rosa Mota ganha medalha de ouro olímpico na maratona de Seul	Internacional	5	TRUE	1982-1991		Pessoas
1988-09-24	1988092400	Lei da Autonomia Universitária	Nacional	1	FALSE	1982-1991	Comunidade	
1988-09-30	1988093000	Número de discentes: 2893	Iscte	1	FALSE	1982-1991	Comunidade	
1988-11-02	1988110200	Constituição do Instituto para o Desenvolvimento da Gestão Empresarial (INDEG)	Iscte	1	FALSE	1982-1991	Prestação de Serviços	Comunidade
1988-11-09	1988110900	Constituição da Associação para o Desenvolvimento das Telecomunicações e Técnicas de Informática (ADETTI)	Iscte	1	FALSE	1982-1991	Investigação	Redes
1988-11-18	1988111800	GIESTA-ISCTE Grupo de Investigação em Estatística e Análise de Dados	Iscte	1	FALSE	1982-1991	Investigação	Redes
1989-04-11	1989041100	Criação do Centro de Estudos sobre a Mudança  Socioeconómica (DINAMIA)	Iscte	1	TRUE	1982-1991	Investigação	Redes
1989-04-14	1989041400	Aprovação de símbolo institucional. Despacho 1/CD/89, DR nº. 127, 2ª Série de 3 de Junho	Iscte	1	FALSE	1982-1991	Identidade	Memória
1989-06-03	1989060300	Repressão pelo exército dos manifestantes na praça Tianamen, em Pequim	Internacional	2	FALSE	1982-1991		
1989-07-12	1989071200	Criação da Licenciatura em Informática e Gestão de Empresas	Iscte	1	FALSE	1982-1991	Ensino	
1989-07-25	1989072500	Primeiro Doutoramento em Antropologia Social, José Fialho Feliciano	Iscte	1	FALSE	1982-1991	Memória	Pessoas
1989-11-02	1989110200	Assembleia Extraordinária de Escola aprecia alterações jurídicas 	Iscte	1	FALSE	1982-1991	Estatuto	
1989-11-09	1989110900	Derrube do Muro de Berlim	Internacional	2	FALSE	1982-1991		
1990-01-04	1990010400	Publicação dos Estatutos do ISCTE	Iscte	2	FALSE	1982-1991	Estatuto	
1990-01-15	1990011500	Maré negra na ilha do Porto Santo provocada pelo pretoleiro Aragón	Nacional	1	TRUE	1982-1991		
1990-03-23	1990032300	Afonso de Barros é presidente do ISCTE (eleito)	Iscte	1	FALSE	1982-1991	Comunidade	Pessoas
1990-08-02	1990080200	Primeira Guerra do Golfo	Internacional	1	TRUE	1982-1991		
1990-11-26	1990112600	Centro de Estudos Africanos ISCTE (CEA ISCTE)	Iscte	1	FALSE	1982-1991	Investigação	Redes
1990-12-07	1990120700	Criação da Tuna académica	Iscte	1	FALSE	1982-1991	Comunidade	
1991-02-27	1991022700	Centro de Estudos Territoriais (CET)	Iscte	1	FALSE	1982-1991	Investigação	Redes
1991-05-14	1991051400	Primeiro McDonald's em Portugal	Nacional	2	TRUE	1982-1991		
1991-07-19	1991071900	Associação dos Diplomados no Programa Doutoral em Ciências de Gestão do Iscte (APDG-ISCTE)	Iscte	1	FALSE	1982-1991	Redes	
1991-10-28	1991102800	Criam-se os primeiros três departamentos: Antropologia, Gestão e Sociologia	Iscte	1	FALSE	1982-1991	Comunidade	Memória
1991-11-12	1991111200	Massacre de Santa Cruz, em Timor	Internacional	1	TRUE	1982-1991		
1991-12-16	1991121600	Centro de Investigação e de Intervenção Social (CIS)	Iscte	1	FALSE	1982-1991	Investigação	Redes
1991-12-19	1991121900	Primeiro mestre em Ciências Empresariais, João António Martins Tavares, estudante nº 6962	Iscte	1	FALSE	1982-1991	Memória	Pessoas
1991-12-26	1991122600	Fim da URSS	Internacional	1	FALSE	1982-1991		
1992-01-01	1992010100	Criada a Revista Portuguesa de Gestão	Iscte	1	FALSE	1992-2001	Investigação	
1992-01-02	1992010200	Acesso à Internet	Iscte	1	FALSE	1992-2001	Infraestruturação	Redes
1992-04-08	1992040800	João Ferreira de Almeida é presidente do ISCTE (eleito)	Iscte	1	FALSE	1992-2001	Comunidade	
1992-06-03	1992060300	ECO-92, Rio de Janeiro	Internacional	3	TRUE	1992-2001		
1992-10-06	1992100600	SIC: primeiro canal televisivo privado	Nacional	3	TRUE	1992-2001		
1992-10-08	1992100800	Primeiro mestre em Sociologia, Luís Capucha	Iscte	1	FALSE	1982-1991	Memória	Pessoas
1992-12-15	1992121500	20º aniversário (medalha)	Iscte	1	FALSE	1992-2001	Memória	Identidade
1993-03-30	1993033000	Sociologia Problemas e Práticas nº 13: Dossiê ISCTE Os primeiros 20 anos	Iscte	1	FALSE	1992-2001	Memória	Identidade
1993-06-11	1993061100	Inauguração do edifício do INDEG (3038 m2)	Iscte	1	TRUE	1992-2001	Campus	
1993-07-20	1993072000	Licenciatura em Gestão e Engenharia Industrial	Iscte	1	FALSE	1992-2001	Ensino	
1993-07-20	1993072001	Licenciatura em Sociologia e Planeamento	Iscte	1	FALSE	1992-2001	Ensino	
1993-09-15	1993091500	General Meeting European Association Social Psicology no ISCTE	Iscte	1	FALSE	1992-2001	Investigação	Redes
1993-09-30	1993093000	Número de discentes: 3531	Iscte	1	FALSE	1992-2001	Comunidade	
1993-11-01	1993110100	Tratado de Maastricht	Internacional	2	TRUE	1992-2001		
1993-12-31	1993123100	Atribuição de contas de e-mail à comunidade como alternativa ao fax nº +351217903059 e ao telex nº 62542ISCTE-P	Iscte	1	FALSE	1992-2001	Infraestruturação	Campus
1994-01-01	1994010100	 Entrada em vigor do acordo ortográfico	Nacional	1	TRUE	1992-2001	Comunidade	
1994-02-14	1994021400	Unidade de Investigação em Ciências Sociais (UNICS)	Iscte	1	FALSE	1992-2001	Investigação	Redes
1994-02-14	1994021401	Criação da Unidade de Investigação em Desenvolvimento Empresarial (UNIDE)	Iscte	1	FALSE	1992-2001	Investigação	Redes
1994-03-07	1994030700	Primeiro Doutoramento em Psicologia Social e Organizacional, Maria Luísa Pedroso Lima	Iscte	1	FALSE	1992-2001	Memória	Pessoas
1994-04-07	1994040700	Genocídio no Ruanda	Internacional	1	TRUE	1992-2001		
1994-05-10	1994051000	Nelson Mandela eleito presidente da África do Sul	Internacional	1	TRUE	1992-2001		
1994-07-05	1994070500	Licenciatura em Economia 	Iscte	2	TRUE	1992-2001	Ensino	
1994-09-15	1994091500	Inauguração da Cave Ala Sul (717 m2)	Iscte	1	TRUE	1992-2001	Campus	
1994-09-15	1994091501	Inauguração do Pavilhão-esplanada (119 m2)	Iscte	1	TRUE	1992-2001	Campus	
1994-11-17	1994111700	Primeiro Doutoramento em Organização e Gestão de Empresas OGE, Victor Roldão	Iscte	1	FALSE	1992-2001	Memória	Pessoas
1995-01-01	1995010100	União Europeia: adesão da Áustria, Finlândia e Suécia	Internacional	1	TRUE	1992-2001		
1995-06-05	1995060500	Adjudicação do traje académico	Iscte	4	FALSE	1992-2001	Identidade	
1995-07-06	1995070600	Ler História Associação de Actividades Científicas	Iscte	1	FALSE	1992-2001	Investigação	
1995-07-11	1995071100	Licenciatura em Psicologia Social e Organizacional	Iscte	1	TRUE	1992-2001	Ensino	
1995-09-15	1995091500	Inauguração da Ala Autónoma (5.183 m2)	Iscte	1	TRUE	1992-2001	Campus	
1995-10-28	1995102800	Eduardo Ferro Rodrigues, ministro da Solidariedade e Segurança Social	Iscte	1	TRUE	1992-2001	Comunidade	Pessoas
1995-10-30	1995103000	Maria João Rodrigues, ministra da Qualificação e Emprego	Nacional	1	TRUE	1992-2001	Comunidade	Pessoas
1996-01-01	1996010100	Constituição da Associação dos Antigos Alunos do ISCTE (AAAISCTE)	Iscte	1	FALSE	2002-2011	Comunidade	Redes
1996-01-29	1996012900	Licenciatura em História Moderna e Contemporânea	Iscte	1	FALSE	1992-2001	Ensino	
1996-03-28	1996032800	Primeiro Doutoramento em História Social Contemporânea, Carlos Mauricio	Iscte	1	FALSE	1992-2001	Memória	Pessoas
1996-04-30	1996043000	Departamento de Ciências e Tecnologias de Informação	Iscte	1	FALSE	1992-2001	Comunidade	
1996-06-26	1996062600	Licenciatura em Gestão de Recursos Humanos 	Iscte	2	FALSE	1992-2001	Ensino	
1996-06-30	1996063000	Criada a Revista Economia Global e Gestão	Iscte	1	FALSE	1992-2001	Investigação	
1996-08-02	1996080200	Fernanda Ribeiro ganha medalha de ouro olímpico nos 10000m em Atlanta	Internacional	2	TRUE	1992-2001		
1996-10-13	1996101300	Site ISCTE (1ª versão arquivada)	Iscte	1	FALSE	1992-2001	Infraestruturação	
1996-12-13	1996121300	João Freire é presidente do Conselho Científico (eleito)	Iscte	1	FALSE	1992-2001	Comunidade	Pessoas
1996-12-13	1996121301	Manuel Alberto Martins Ferreira é presidente do Conselho Diretivo (eleito)	Iscte	1	FALSE	1992-2001	Comunidade	Pessoas
1997-05-30	1997053000	Criada da Etnográfica Revista do Centro de Estudos de Antropologia Social	Iscte	4	FALSE	1992-2001	Investigação	
1997-07-28	1997072800	Lei orgânica da FCT	Nacional	1	FALSE	1992-2001		
1997-07-28	1997072801	JNICT (1967-1997)	Nacional	2	FALSE	1992-2001		
1997-07-28	1997072802	Aprovação da Lei Orgânica da Fundação para a Ciência e a Tecnologia (FCT)	Nacional	1	FALSE	1992-2001	Investigação	
1997-07-28	1997072803	JNICT (1967-1997)	Nacional	2	FALSE	1992-2001	Investigação	
1997-10-02	1997100200	Acordo de Schengen	Internacional	1	TRUE	1992-2001		
1997-11-25	1997112500	Eduardo Ferro Rodrigues, ministro do Trabalho e da Solidariedade	Iscte	1	TRUE	1992-2001	Comunidade	Pessoas
1997-12-15	1997121500	25º aniversário (medalha)	Iscte	2	FALSE	1992-2001	Memória	Identidade
1997-12-15	1997121501	25º aniversário (pisa papéis)	Iscte	2	FALSE	1992-2001	Memória	Identidade
1998-02-17	1998021700	Departamento de Métodos Quantitativos	Iscte	1	FALSE	1992-2001	Comunidade	
1998-02-26	1998022600	Inicío do conflito do Kosovo, entre a República Federal da Jugoslávia e os guerrilheiros rebeldes do Kosovo	Internacional	1	TRUE	1992-2001		
1998-03-23	1998032300	Licenciatura em Engenharia de Telecomunicações e Informática	Iscte	1	FALSE	1992-2001	Ensino	
1998-03-23	1998032301	Licenciatura em Finanças	Iscte	1	FALSE	1992-2001	Ensino	
1998-05-22	1998052200	Abertura da EXPO98, Lisboa	Internacional	1	TRUE	1992-2001		
1998-07-21	1998072100	Primeiro Doutoramento em Economia, Raúl Manuel Gonçalves Lopes	Iscte	1	FALSE	1992-2001	Memória	Pessoas
1998-07-29	1998072900	Licenciatura em Arquitetura	Iscte	1	TRUE	1992-2001	Ensino	
1998-09-03	1998090300	Catálogo da biblioteca em linha	Iscte	1	FALSE	1992-2001	Infraestruturação	
1998-10-06	1998100600	Primeiro doutoramento em Ciências e Tecnologias da Informação, Miguel Sales Dias	Iscte	1	FALSE	1992-2001	Memória	Pessoas
1998-10-08	1998100800	Atribuição do Prémio Nobel da Literatura a José Saramago	Internacional	3	TRUE	1992-2001		
1998-12-31	1998123100	O acervo da Biblioteca do Iscte é composto por cerca de 130 000 exemplares (monografias, obras de referência, teses e dissertações), 20 000 e-books e 67 000 periódicos, em suporte papel e digital	Iscte	1	FALSE	2012-2022	Infraestruturação	Comunidade
1999-01-02	1999010200	Secção autónoma de Direito; Despacho nº 2399, Diário da República 2ª Série nº 1 de 2 de Janeiro	Iscte	1	FALSE	1992-2001	Comunidade	
1999-03-12	1999031200	Doutoramento Honoris Causa atribuído a Immanuel Wallerstein ✝︎	Iscte	2	TRUE	1992-2001	Identidade	Pessoas
1999-06-19	1999061900	Declaração de Bolonha (Espaço Europeu de Educação Superior)	Internacional	2	TRUE	1992-2001		
1999-08-19	1999081900	Departamento de Psicologia Social e das Organizações	Iscte	1	FALSE	1992-2001	Comunidade	
1999-09-02	1999090200	Criação do Prémio Silva Leal	Iscte	1	FALSE	1992-2001	Memória	Comunidade
1999-09-08	1999090800	Cordão humano por Timor-Leste	Nacional	1	TRUE	1992-2001	Comunidade	Pessoas
1999-12-20	1999122000	Portugal e a República Popular da China concordam em passar Macau para a soberania chinesa, tornando-se numa Região Administrativa Especial	Internacional	1	TRUE	1992-2001		
2000-01-01	2000010100	Criada a revista Cidades, Comunidades e Territórios	Iscte	1	FALSE	1992-2001	Investigação	
2000-03-29	2000032900	Licenciatura em Marketing	Iscte	1	TRUE	1992-2001	Ensino	
2000-08-03	2000080300	Publicação dos estatutos ISCTE passa a escola superior não integrada	Iscte	2	FALSE	1992-2001	Estatuto	
2001-03-10	2001031000	Eduardo Ferro Rodrigues, ministro do Equipamento Social	Iscte	1	FALSE	1992-2001	Comunidade	Pessoas
2001-03-10	2001031001	Paulo Pedroso, ministro do Trabalho e da Solidariedade 	Iscte	1	TRUE	1992-2001	Comunidade	Pessoas
2001-09-11	2001091100	Dois aviões de passageiros colidem com as torres World Trade Center, em Nova Iorque, provocando o seu desmoronamento. Um terceiro avião despenha-se sobre o edifício do Pentágono e um quarto cai em Somerset County, no estado da Pensilvânia	Internacional	3	TRUE	1992-2001		
2001-09-17	2001091700	Criação do grupo de teatro mISCuTEm	Iscte	1	FALSE	1992-2001	Comunidade	
2001-12-31	2001123100	Criação do Departamento de Finanças	Iscte	1	FALSE	1992-2001	Comunidade	
2002-01-01	2002010100	Criada a revista Trajectos, Revista de Comunicação, Cultura e Educação	Iscte	1	FALSE	2002-2011	Investigação	
2002-01-01	2002010101	Euro entra em circulação em Portugal	Internacional	1	TRUE	2002-2011		
2002-01-02	2002010200	Criada a revista Portuguese Journal of Quantitative Methods 	Iscte	1	FALSE	2002-2011		
2002-01-02	2002010201	Criada a revista Portuguese Journal of Social Science	Iscte	1	FALSE	2002-2011		
2002-02-14	2002021400	XIV Governo aprova passagem do Iscte a Universidade Metropolitana (não homologado)	Iscte	1	FALSE	2002-2011	Estatuto	
2002-02-27	2002022700	Departamento de História	Iscte	1	FALSE	2002-2011	Comunidade	
2002-04-01	2002040100	Criada a Revista Portuguesa e Brasileira de Gestão (RPBG), que sucede à Revista Portuguesa de Gestão (RPG) com a Fundação Getúlio Vargas	Iscte	1	FALSE	2002-2011	Investigação	
2002-04-06	2002040600	Luís Filipe Pereira, ministro da Saúde	Iscte	1	FALSE	2002-2011	Comunidade	Pessoas
2002-05-17	2002051700	Formalização do Centro de informática (CIISCTE)	Iscte	1	FALSE	2002-2011	Infraestruturação	Campus
2002-05-20	2002052000	Independência de Timor Leste	Internacional	1	TRUE	1992-2001		
2002-06-01	2002060100	Edifício II: Inauguração Grande Auditório (497 lugares)	Iscte	1	TRUE	2002-2011	Campus	
2002-06-01	2002060101	Entrada em funcionamento do Edifício II  (30.501 m2)	Iscte	1	TRUE	2002-2011	Campus	Infraestruturação
2002-11-18	2002111800	Primeiro doutoramento em Estudos Africanos, Vitor Hugo Nicolau	Iscte	1	FALSE	2002-2011	Memória	Pessoas
2003-01-01	2003010100	Praça central (2.315 m2)	Iscte	1	TRUE	2002-2011	Campus	
2003-01-27	2003012700	Licenciatura em Engenharia informática	Iscte	1	FALSE	2002-2011	Ensino	
2003-03-20	2003032000	Segunda Guerra do Golfo	Internacional	1	TRUE	2002-2011		
2003-04-03	2003040300	Medidas de enquadramento das praxes académicas	Nacional	2	FALSE	2002-2011	Campus	
2003-09-22	2003092200	Apresentação do Portuguese Journal of Social Science	Iscte	1	FALSE	2002-2011	Investigação	
2003-10-21	2003102100	Greve nacional estudantil contra as propinas	Nacional	1	TRUE	2002-2011		
2003-10-22	2003102200	Declaração de Berlim sobre acesso aberto ao conhecimento nas ciências e humanidades	Internacional	1	TRUE	2002-2011		
2003-10-28	2003102800	Doutoramento Honoris Causa atribuído a Serge Moscovici ✝︎	Iscte	1	TRUE	2002-2011	Identidade	Pessoas
2004-01-01	2004010100	Adesão à plataforma DeGóis para a gestão curricular de investigadores.	Iscte	1	FALSE	2002-2011	Desmaterialização	
2004-01-22	2004012200	Licenciamento inicial da plataforma e-learning Blackboard	Iscte	1	FALSE	2002-2011	Ensino	Comunidade
2004-05-01	2004050100	União Europeia: adesão de Chipre, Eslováquia, Eslovénia, Estónia, Hungria, Letónia, Lituânia, Malta, Polónia, República Checa	Internacional	1	TRUE	2002-2011		
2004-07-06	2004070600	Primeiro doutoramento em Métodos Quantativos, Maria Teresa Calapêz	Iscte	1	FALSE	2002-2011	Memória	Pessoas
2004-11-19	2004111900	Fim do serviço militar obrigatório (SMO)	Nacional	1	TRUE	2002-2011		
2004-11-22	2004112200	Protocolo para a Biblioteca Central de Estudos Africanos (BCEA)	Iscte	1	FALSE	2002-2011	Infraestruturação	
2004-12-26	2004122600	Terramoto e sismo submarinos no Índico: 230.000 mortos	Internacional	1	TRUE	2002-2011		
2005-02-14	2005021400	Criação da plataforma Youtube	Internacional	1	TRUE	2002-2011		
2005-02-28	2005022800	Luís Antero Reto é presidente do ISCTE (eleito)	Iscte	1	FALSE	2002-2011	Comunidade	Pessoas
2005-03-12	2005031200	José António Vieira da Silva, ministro do Trabalho e da Solidariedade Social	Iscte	1	FALSE	2002-2011	Comunidade	Pessoas
2005-03-12	2005031201	Maria de Lurdes Rodrigues, ministra da Educação	Iscte	1	FALSE	2002-2011	Comunidade	Pessoas
2005-04-30	2005043000	Lançamento do Repositório institucional	Iscte	1	FALSE	2002-2011	Desmaterialização	Campus
2005-04-30	2005043001	Jorge Freitas Branco é presidente do Conselho Científico (eleito)	Iscte	1	FALSE	2002-2011	Comunidade	Pessoas
2005-05-31	2005053100	António Gomes Mota é presidente do INDEG (eleito)	Iscte	1	FALSE	2002-2011	Comunidade	Pessoas
2005-06-03	2005060300	Integração no Conselho de Reitores da Universidades Portuguesas (CRUP)	Iscte	1	FALSE	2002-2011	Estatuto	
2005-06-10	2005061000	 Ciberdúvidas alojado num servidor do ISCTE	Iscte	1	FALSE	2002-2011	Infraestruturação	
2005-06-13	2005061300	Morte de Álvaro Cunhal (1913-2005)	Nacional	1	TRUE	2002-2011		Pessoas
2005-07-18	2005071800	Protocolo com o Instituto Superior Técnico relativo ao Sistema FénixEDU	Iscte	1	FALSE	2002-2011	Infraestruturação	
2005-07-27	2005072700	Criação do AUDAX presidido por José Paulo Esperança 	Iscte	1	FALSE	2002-2011	Prestação de Serviços	
2006-02-13	2006021300	Doutoramento em Direito das Empresas (descontinuado), Maria Adelaide Croca	Iscte	1	FALSE	2002-2011	Memória	Pessoas
2006-02-28	2006022800	Adequações e criações de cursos de acordo com o modelo de Bolonha (15 licenciaturas, 25 mestrados, 4 doutoramentos)	Iscte	1	FALSE	2002-2011	Ensino	
2006-02-28	2006022801	Raúl Hestnes Ferreira. Arquitetura e universidade. ISCTE, 1972-2005	Iscte	1	FALSE	2002-2011	Memória	Pessoas
2006-03-17	2006031700	Departamento de Contabilidade	Iscte	1	FALSE	2002-2011	Comunidade	
2006-03-17	2006031701	Departamento de Finanças	Iscte	1	FALSE	2002-2011	Comunidade	
2006-05-15	2006051500	Acesso à RTCS, Rede Ciência Tecnologia Sociedade (Internet)	Iscte	1	FALSE	2002-2011	Infraestruturação	
2006-06-14	2006061400	 Adesão a Associação das Universidades de Língua Portuguesa (AULP)	Iscte	1	FALSE	2002-2011	Redes	
2006-07-24	2006072400	Licenciatura em Ciência Política	Iscte	1	FALSE	2002-2011	Ensino	
2006-08-08	2006080800	Constituição da Fundação ISCTE (prestadora de serviços)	Iscte	1	FALSE	2002-2011	Prestação de Serviços	
2006-10-19	2006101900	Adesão a European University Association (EUA)	Iscte	1	FALSE	2002-2011	Redes	
2006-11-15	2006111500	Adequações e criações de cursos ao modelo de Bolonha (3 licenciaturas, 32 mestrados, 1 mestrado integrado, 7 doutoramentos)	Iscte	1	FALSE	2002-2011	Ensino	
2007-01-01	2007010100	União Europeia: adesão da Bulgária e da Roménia	Internacional	1	TRUE	2002-2011		
2007-01-02	2007010200	Lançamento de notas na plataforma Fénix	Iscte	1	FALSE	2002-2011	Desmaterialização	Ensino
2007-02-15	2007021500	Sílvia Silva eleita presidente do Conselho Pedagógico	Iscte	1	FALSE	2002-2011	Comunidade	
2007-03-19	2007031900	Departamento de Arquitetura e Urbanismo	Iscte	1	FALSE	2002-2011	Comunidade	
2007-05-15	2007051500	Carlos Sá da Costa é presidente do Conselho Científico (eleito)	Iscte	1	FALSE	2002-2011	Comunidade	Pessoas
2007-07-01	2007070100	Acesso a residência universitária Prof. José Pinto Peixoto	Iscte	1	FALSE	2002-2011	Comunidade	
2007-07-01	2007070101	Desmaterialização da emissão dos diplomas	Iscte	1	FALSE	2002-2011	Desmaterialização	Ensino
2007-07-10	2007071000	Acordo de cooperação técnico-financeiro ISCTE-OIT-IEFP-UGT-CGTP	Iscte	1	FALSE	2002-2011	Prestação de Serviços	
2007-08-01	2007080100	Protocolo com a Universidade de Ciências e Tecnologia de Macau	Iscte	1	FALSE	2002-2011	Redes	
2007-09-01	2007090100	Automatização plena das inscrições do 1º ciclo	Iscte	1	FALSE	2002-2011	Desmaterialização	Ensino
2007-09-10	2007091000	Regime Jurídico das Instituições do Ensino Superior RJIES; Lei 62/2007	Nacional	1	TRUE	2002-2011	Estatuto	
2007-11-05	2007110500	Gabinete de Qualidade; Decreto-Lei n.º 369/2007​; Lei n.º 38/2007	Iscte	1	FALSE	2002-2011	Comunidade	
2007-11-05	2007110501	Criação da Agência de Avaliação e Acreditação do Ensino Superior (A3ES)	Nacional	2	TRUE	2002-2011		
2007-12-15	2007121500	ISCTE 35 anos. Nascido para inovar	Iscte	1	FALSE	2002-2011	Memória	
2008-01-07	2008010700	Eleição da Assembleia estatutária, destinada a decidir a passagem para o regime fundacional e a elaborar os novos estatutos no âmbito do Regime Jurídico das Instituições do Ensino Superior, com a presença do ministro Mariano Gago	Iscte	1	FALSE	2002-2011	Estatuto	
2008-01-16	2008011600	O dia em que o ISCTEnão explodiu	Internacional	0	FALSE	2002-2011		
2008-05-07	2008050700	Observatório da imigração, ir aos centros	Nacional	1	FALSE	2002-2011	Prestação de Serviços	Comunidade
2008-05-31	2008053100	Desmaterialização do Inquérito de monitorização pedagógica (1º ciclo)	Iscte	1	FALSE	2002-2011	Desmaterialização	Ensino
2008-07-25	2008072500	Centro em Rede de Investigação em Antropologia (CRIA)	Iscte	1	FALSE	2002-2011	Investigação	Redes
2008-08-08	2008080800	Licenciatura em Finanças e Contabilidade	Iscte	1	FALSE	2002-2011	Ensino	
2008-08-21	2008082100	Nelson Évora ganha medalha de ouro olímpico em Pequim	Internacional	1	TRUE	2002-2011		
2008-09-01	2008090100	Desmaterialização das inscrição dos estudantes	Iscte	1	FALSE	2002-2011	Desmaterialização	Ensino
2008-10-17	2008101700	Observatório das desigualdades, ir ao centro	Nacional	1	FALSE	2002-2011	Prestação de Serviços	Comunidade
2008-10-31	2008103100	Adesão à rede Eduroam	Iscte	1	FALSE	2002-2011	Infraestruturação	Campus
2008-12-17	2008121700	Certificação de Qualidade (ISO 9001:2008)	Iscte	1	FALSE	2002-2011	Comunidade	Campus
2008-12-31	2008123100	Remodelação do pavilhão interior (1870 m2)	Iscte	1	FALSE	2002-2011	Estatuto	
2009-01-16	2009011600	Licenciatura em Serviço Social	Iscte	1	FALSE	2002-2011	Ensino	
2009-02-18	2009021800	 Senado aprova mudança de imagem.	Iscte	1	FALSE	2002-2011	Identidade	
2009-04-27	2009042700	Instituição da Fundação ISCTE-IUL Instituto Universitário de Lisboa (ISCTE-IUL), com os respetivos estatutos	Iscte	1	FALSE	2002-2011	Identidade	Estatuto
2009-04-27	2009042701	Passagem ao regime fundacional: ISCTE-IUL Instituto Universitário de Lisboa	Iscte	1	FALSE	2002-2011		
2009-05-08	2009050800	Nova orgânica: escolas, departamentos, unidades de investigação	Iscte	1	FALSE	2002-2011	Comunidade	
2009-09-11	2009091100	Carlos Lopes é presidente do Conselho Geral (eleito)	Iscte	1	FALSE	2002-2011	Comunidade	Pessoas
2009-09-30	2009093000	Provedora do estudante Isabel Nicolau	Iscte	2	FALSE	2002-2011	Comunidade	Pessoas
2009-10-01	2009100100	Inauguração da Sala Universia (descontinuada)	Iscte	1	FALSE	2002-2011	Memória	Campus
2009-10-26	2009102600	José António Vieira da Silva, ministro da Economia da Inovação e Desenvolvimento 	Iscte	1	FALSE	2002-2011	Comunidade	Pessoas
2009-11-02	2009110200	 Início das atividades letivas Laboratório de Competências Transversais	Iscte	1	FALSE	2002-2011	Ensino	
2009-11-13	2009111300	António Ramalho Eanes é presidente do Conselho de Curadores e Carlos Lopes presidente do Conselho Geral (eleito)	Iscte	1	FALSE	2002-2011	Comunidade	Pessoas
2010-02-01	2010020100	Editora Mundos Sociais	Iscte	1	FALSE	2002-2011	Prestação de Serviços	Investigação
2010-02-20	2010022000	Enxurradas na ilha da Madeira (cerca de 50 mortos)	Nacional	1	FALSE	2002-2011		
2010-04-12	2010041200	Criação da Escola de Ciências Sociais e Humanas, de Escola de Sociologia e Políticas Públicas, de Tecnologias e Arquitetura e Escola de Gestão (IBS)	Iscte	1	FALSE	2002-2011	Ensino	
2010-04-26	2010042600	Primeiro doutoramento em Serviço Social, Jorge Ferreira	Iscte	1	FALSE	2002-2011	Memória	Pessoas
2010-06-18	2010061800	Prémio L'Oreal Brandstorm para os alunos de Marketing	Iscte	1	FALSE	2002-2011	Comunidade	
2010-07-01	2010070100	António Gomes Mota é diretor da Escola de Gestão (IBS) (eleito)	Iscte	1	FALSE	2002-2011	Comunidade	Pessoas
2010-07-01	2010070101	Francisco Cercas eleito diretor da Escola de Tecnologias e Arquitetura (ISTA)	Iscte	1	FALSE	2002-2011	Comunidade	Pessoas
2010-07-01	2010070102	Juan Mozzicafreddo (✝︎) é diretor da Escola de Sociologia e Políticas Públicas (ESPP) (eleito)	Iscte	1	FALSE	2002-2011	Comunidade	Pessoas
2010-07-01	2010070103	Maria Luisa Pedrosa de Lima eleita diretora da Escola de Ciências Sociais e Humanas (ECSH)	Iscte	1	FALSE	2002-2011	Comunidade	Pessoas
2010-07-02	2010070200	Publicação do regulamento da IBS	Iscte	1	FALSE	2002-2011	Comunidade	
2010-09-01	2010090100	Desmaterialização dos sumários das aulas	Iscte	1	FALSE	2002-2011	Desmaterialização	Ensino
2010-09-30	2010093000	Número de discentes: 9542	Iscte	1	FALSE	2002-2011	Comunidade	
2010-09-30	2010093001	Departamento de Ciência Política e Políticas Públicas	Iscte	1	FALSE	2002-2011	Comunidade	
2010-09-30	2010093002	Departamento de Economia Política	Iscte	1	FALSE	2002-2011	Comunidade	
2010-09-30	2010093003	Departamento de Marketing, Operações e Gestão Geral (redenominação de Ciências de Gestão do departamento de Ciências de Gestão	Iscte	1	FALSE	2002-2011	Comunidade	
2010-09-30	2010093004	Departamento de Métodos de Pesquisa Social	Iscte	1	FALSE	2002-2011	Comunidade	
2010-09-30	2010093005	Departamento de Recursos Humanos e Comportamento Organizacional	Iscte	1	FALSE	2002-2011	Comunidade	
2010-10-21	2010102100	Regulamento de Avaliação de Desempenho dos Docentes do ISCTE-IUL	Iscte	1	FALSE	2002-2011	Comunidade	
2010-12-06	2010120600	Regulamento Disciplinar de Discentes	Iscte	1	FALSE	2002-2011	Comunidade	
2010-12-13	2010121300	Observatório das Famílias e das Políticas de Família	Nacional	1	TRUE	2002-2011	Prestação de Serviços	Comunidade
2011-01-18	2011011800	Susana Fonseca eleita presidente do Conselho Pedagógico	Iscte	1	FALSE	2002-2011	Comunidade	Pessoas
2011-03-01	2011030100	Automatização plena das inscrições do 2º ciclo	Iscte	1	FALSE	2002-2011	Desmaterialização	Ensino
2011-03-11	2011031100	Acidente nuclear na central de Fukushima, Japão	Internacional	1	TRUE	2002-2011		
2011-03-20	2011032000	Honoris causa a Wei Zhao atriibuído na Academia de Ciências de Lisboa (em associação: UTL, Porto, NOVA, Aveiro, Minho, Évora, Açores, Algarve, UTAD, UBI, Madeira, ISCTE)	Iscte	1	TRUE	2002-2011	Identidade	Pessoas
2011-03-28	2011032800	Criação do Instituto para as Políticas Públicas e Sociais (IPPS- IUL)	Iscte	1	FALSE	2012-2022	Prestação de Serviços	
2011-04-06	2011040600	Troika foi chamada a Portugal	Nacional	1	TRUE	2002-2011		
2011-04-15	2011041500	Regulamento da Comissão de Ética	Iscte	1	FALSE	2002-2011	Comunidade	
2011-04-15	2011041501	"Ética na Investigação Melhores práticas, melhor Ciência (2016)"	Iscte	2	FALSE	2002-2011	Comunidade	Investigação
2011-04-27	2011042700	Doutoramento Honoris Causa atribuído a José Veiga Simão ✝︎	Iscte	1	TRUE	2002-2011	Identidade	Pessoas
2011-04-27	2011042701	Doutoramento Honoris Causa atribuído a André Jordan	Iscte	1	FALSE	2002-2011	Identidade	Pessoas
2011-05-16	2011051600	Conselho Geral extingue Fundação ISCTE	Iscte	1	FALSE	2002-2011	Prestação de Serviços	
2011-05-17	2011051700	Assinatura do Memorando de Entendimento entre a "Troika" e Portugal	Nacional	1	TRUE	2002-2011		
2011-09-09	2011090900	Symposium Digital Fabricatio​n – a State of Art no ISCTE-IUL	Iscte	1	FALSE	2002-2011	Investigação	
2011-11-02	2011110200	Manual da Qualidade (com revisões bienais)	Iscte	1	FALSE	2002-2011	Comunidade	
2012-01-16	2012011600	Homologação da compra do edifício do Instituto da Mobilidade e dos Transportes Terrestres (IMT)	Iscte	1	FALSE	2002-2011	Campus	Infraestruturação
2012-03-06	2012030600	Criação do Vitruvius FABLAB	Iscte	1	FALSE	2012-2022	Prestação de Serviços	Campus
2012-05-29	2012052900	Extinta Fundação ISCTE (continua como IPPS)	Iscte	1	FALSE	2012-2022	Prestação de Serviços	
2012-05-31	2012053100	Desmaterialização do Inquérito de monitorização pedagógica (2º ciclo)	Iscte	1	FALSE	2012-2022	Desmaterialização	Ensino
2012-06-02	2012060200	Claque do ISCTE (500 participantes) no jogo da seleção portuguesa contra a seleção turca	Iscte	1	FALSE	2012-2022	Comunidade	
2012-09-12	2012091200	Doutoramento Honoris Causa atribuído a Fernando Henrique Cardoso	Iscte	1	TRUE	2012-2022	Identidade	Pessoas
2012-09-30	2012093000	Número de discentes: 10043	Iscte	1	FALSE	2012-2022	Comunidade	
2012-10-12	2012101200	Departamento de Matemática	Iscte	1	FALSE	2012-2022	Comunidade	
2012-10-12	2012101201	Honoris Causa atribuído a Manuel Marín ✝︎	Iscte	1	FALSE	2012-2022	Identidade	Pessoas
2012-10-12	2012101202	Departamento de Métodos Quantitativos para Gestão e Economia como redenominação do departamento de Métodos Quantitativos	Iscte	1	FALSE	2012-2022	Comunidade	
2012-10-13	2012101300	Manifestação popular "Que se lixe a Troika!"	Nacional	1	TRUE	2012-2022		
2012-10-26	2012102600	Jorge Barreto Xavier, Secretário de Estado da Cultura	Nacional	1	TRUE	2012-2022		
2012-11-20	2012112000	Mohamed Azzim Gulamhussen eleito presidente da escola de Gestão (IBS)	Iscte	1	FALSE	2012-2022	Comunidade	Pessoas
2012-12-14	2012121400	Victor Franco é presidente do Conselho Científico (eleito)	Iscte	1	FALSE	2012-2022	Comunidade	Pessoas
2012-12-15	2012121500	"Até onde nos leva o saber. Uma história de 40 anos do ISCTE Instituto Universitário de Lisboa"	Iscte	1	FALSE	2012-2022	Memória	
2012-12-15	2012121501	Medalha dos 40 anos	Iscte	1	FALSE	2012-2022	Memória	
2012-12-15	2012121502	Comemoração dos 40 anos	Iscte	1	FALSE	2012-2022	Memória	
2013-02-07	2013020700	José Luís Saldanha eleito presidente do Conselho Pedagógico	Iscte	1	FALSE	2012-2022	Comunidade	Pessoas
2013-06-18	2013061800	Redesignação do CEA para CEI (Centro de Estudos Internacionais)	Iscte	1	FALSE	2012-2022	Investigação	
2013-07-01	2013070100	União Europeia: adesão da Croácia 	Internacional	1	TRUE	2012-2022		
2013-07-08	2013070800	Filipe Reis é diretor da ECSH (eleito)	Iscte	1	FALSE	2012-2022	Comunidade	Pessoas
2013-07-12	2013071200	Helena Carvalho eleita diretora da Escola de sociologia e políticas públicas ( ESPP)	Iscte	1	FALSE	2012-2022	Comunidade	Pessoas
2013-07-17	2013071700	Clara Carvalho primeira diretora do recém criado Centro de Estudos Internacionais (CEI_ISCTE)	Iscte	1	FALSE	2012-2022	Comunidade	Pessoas
2013-09-13	2013091300	Carlos Lopes é presidente do Conselho Geral (reeleito)	Iscte	1	FALSE	2012-2022	Comunidade	Pessoas
2013-09-18	2013091800	Ricardo Fonseca é diretor da Escola de tecnologias e arquitetura (ISTA) (eleito)	Iscte	1	FALSE	2012-2022	Comunidade	Pessoas
2013-09-30	2013093000	Número de discentes: 10171	Iscte	1	FALSE	2012-2022	Comunidade	
2013-10-08	2013100800	José Manuel Rebelo é presidente do Conselho Cientifico (eleito)	Iscte	1	FALSE	2012-2022	Comunidade	Pessoas
2013-11-04	2013110400	Primeiro doutoramento em Gestão Empresarial Aplicada no âmbito do acordo com a University of Electronic Sciences and Technology of China, Chengdu, China	Iscte	1	FALSE	2012-2022	Redes	Investigação
2013-11-11	2013111100	Plataforma de gestão curricular de investigação Ciência-IUL	Iscte	2	FALSE	2012-2022	Infraestruturação	
2013-12-04	2013120400	Desmaterialização do registo da assiduidade e sumários (docente e discente)	Iscte	3	FALSE	2012-2022	Desmaterialização	Ensino
2014-03-03	2014030300	Luís Antero Reto é reitor (eleito)	Iscte	1	FALSE	2002-2011	Comunidade	Pessoas
2014-03-18	2014031800	Ocupação da Crimeia pela Federação Russa	Internacional	1	TRUE	2012-2022		
2014-04-30	2014043000	Medidas de combate a todas as formas de violência escolar	Nacional	1	TRUE	2012-2022		
2014-05-13	2014051300	ISTAR-ISCTE	Iscte	1	FALSE	2012-2022	Investigação	
2014-09-01	2014090100	Inscrições on-line do 3º ciclo	Iscte	1	FALSE	2012-2022	Desmaterialização	Ensino
2014-09-11	2014091100	IULCOME: receção aos novos estudantes	Iscte	3	FALSE	2012-2022	Comunidade	Campus
2014-09-30	2014093000	Número de discentes: 10176	Iscte	1	FALSE	2012-2022	Comunidade	
2014-12-15	2014121500	Portal I-Meritus para a avaliação do desempenho dos docentes e dos investigadores; https://i-meritus.iscte-iul.pt	Iscte	1	FALSE	2012-2022	Comunidade	
2014-12-15	2014121501	Intranet MyISCTE. https://intranet.iscte-iul.pt/user/login?destination=home	Iscte	2	FALSE	2012-2022	Infraestruturação	
2015-01-07	2015010700	Massacre de Charlie Hebdo em Paris	Internacional	1	TRUE	2012-2022		
2015-02-02	2015020200	José Paulo Esperança é presidente da escola de Gestão (IBS) (eleito)	Iscte	1	FALSE	2012-2022	Comunidade	Pessoas
2015-02-11	2015021100	Certificação do Sistema Integrado de Garantia da Qualidade (SIGQ) pela A3ES (6 anos)	Iscte	1	FALSE	2012-2022	Ensino	
2015-03-26	2015032600	Maria Madalena Ramos eleita presidente do Conselho Pedagógico	Iscte	1	FALSE	2012-2022	Comunidade	Pessoas
2015-03-30	2015033000	Primeiro doutoramento em Gestão Empresarial Aplicada no âmbito do acordo com a Southern Medical University, Guangzhou	Iscte	1	FALSE	2012-2022	Redes	Investigação
2015-04-09	2015040900	José Paulo Esperança eleito presidente da escola de Gestão (IBS)	Iscte	1	FALSE	2012-2022	Comunidade	Pessoas
2015-05-31	2015053100	Desmaterialização do Inquérito de monitorização pedagógica (3º ciclo)	Iscte	1	FALSE	2012-2022	Desmaterialização	Ensino
2015-06-09	2015060900	ISCTE co-fundador da Associação das Universidades Portuguesas	Iscte	1	FALSE	2012-2022	Redes	
2015-09-11	2015091100	Criação do Coro ISCTE. Maestro Pedro Miguel	Iscte	2	FALSE	2012-2022	Comunidade	Pessoas
2015-09-22	2015092200	Carlos Santos Ferreira eleito presidente do Conselho de Curadores	Iscte	1	FALSE	2012-2022	Comunidade	Pessoas
2015-09-25	2015092500	Elaboração da Agenda 2030: objetivos de desenvolvimento sutentável	Internacional	1	TRUE	2012-2022		
2015-09-30	2015093000	Número de discentes: 10647	Iscte	1	FALSE	2012-2022	Comunidade	
2015-10-06	2015100600	Depósito em acesso aberto. Despacho reitoral 65/2015	Iscte	1	FALSE	2012-2022	Infraestruturação	Investigação
2015-10-23	2015102300	Eduardo Ferro Rodrigues eleito 14º Presidente da Assembleia da República	Nacional	1	TRUE	2012-2022	Comunidade	Pessoas
2015-11-30	2015113000	Cimeira sobre as alterações climáticas (COP21)	Internacional	1	TRUE	2012-2022		
2015-12-15	2015121500	Clube ISCTE institui o mural solidário	Iscte	1	FALSE	2012-2022		
2016-01-21	2016012100	Criada a Revista de Gestão dos Países de Língua Portuguesa, vol. 15, nº1, sucede a Revista Portuguesa e Brasileira de Gestão	Iscte	1	FALSE	2012-2022	Investigação	
2016-02-05	2016020500	 Reforço de medidas sobre a praxe académica	Nacional	1	FALSE	2012-2022	Comunidade	Campus
2016-04-12	2016041200	Eleição de primeira Comissão de Trabalhadores	Iscte	1	FALSE	2012-2022	Comunidade	
2016-04-22	2016042200	Acordo de Paris sobre alterações climáticas	Internacional	1	TRUE	2012-2022		
2016-04-27	2016042700	Homenagem ao general A. Ramalho Eanes no 7º aniversário do regime fundacional	Iscte	1	FALSE	2012-2022	Pessoas	
2016-05-30	2016053000	Homologação do Relatório de Atividades 	Iscte	1	FALSE	2012-2022	Comunidade	
2016-07-10	2016071000	Portugal sagra-se campeão europeu de futebol	Internacional	1	TRUE	2012-2022		
2016-07-20	2016072000	Filipe Reis é diretor da ECSH (reeleito)	Iscte	1	FALSE	2012-2022	Comunidade	Pessoas
2016-07-20	2016072001	Helena Carreiras eleita diretora da Escola de sociologia e políticas públicas (ESPP)	Iscte	1	FALSE	2012-2022	Comunidade	Pessoas
2016-09-22	2016092200	ISCTE classificado pela primeira vez no ranking Times Higher Education (THE)	Iscte	1	FALSE	2012-2022	Identidade	
2016-09-29	2016092900	Ricardo Fonseca reeleito diretor da Escola de tecnologias e arquitetura (ISTA)	Iscte	1	FALSE	2012-2022	Comunidade	Pessoas
2016-09-30	2016093000	Número de discentes: 10488	Iscte	1	FALSE	2012-2022	Comunidade	
2016-12-15	2016121500	"Uma Década de Intervenções no Campus. ISCTE-Iul Arquitetura e universidade 2005-2015" de J. Baltazar	Iscte	2	FALSE	2012-2022	Memória	Campus
2017-01-01	2017010100	António Guterres eleito secretário-geral da ONU	Internacional	2	TRUE	2012-2022		
2017-01-07	2017010700	Morte de Mário Soares (1924-2017)	Nacional	1	TRUE	2012-2022		
2017-01-09	2017010900	Código de Conduta Académica (plágio)	Iscte	2	FALSE	2012-2022	Comunidade	
2017-01-31	2017013100	Relatório final "A praxe como fenómeno social" da DGES	Nacional	1	FALSE	2012-2022	Comunidade	
2017-02-01	2017020100	Assinatura eletrónica de pautas	Iscte	1	FALSE	2012-2022	Desmaterialização	Ensino
2017-02-24	2017022400	Francisco Cercas é presidente do Conselho Cientifico (reeleito)	Iscte	1	FALSE	2012-2022	Comunidade	Pessoas
2017-03-17	2017031700	Integração da componente da Sustentabilidade no SIGQ	Iscte	1	FALSE	2012-2022	Comunidade	
2017-03-17	2017031701	Fernando Batista é presidente do Conselho Pedagógico (eleito)	Iscte	1	FALSE	2012-2022	Comunidade	Pessoas
2017-03-19	2017031900	Homologação do Relatório de Atividades  (fonte RA2016): Orçamento 42 M€ 	Iscte	1	FALSE	2012-2022	Comunidade	
2017-05-13	2017051300	Salvador Sobral vence o Festival Eurovisão da Canção	Nacional	1	TRUE	2012-2022	Pessoas	
2017-06-17	2017061700	Fogos florestais em Pedrógão Grande causam 66 mortos	Nacional	1	TRUE	2012-2022		
2017-09-08	2017090800	Júlio Pedrosa é presidente do Conselho Geral (eleito)	Iscte	1	FALSE	2012-2022	Comunidade	Pessoas
2017-09-30	2017093000	Número de discentes: 10620	Iscte	1	FALSE	2012-2022	Comunidade	
2017-10-15	2017101500	Fogos florestais na Zona Centro 	Nacional	1	TRUE	2012-2022		
2017-11-24	2017112400	"Retrato da investigação científica no ISCTE-IUL. Documento síntese do estudo realizado pela CEIC" (A. Benavente, P. Guibentif, M. E. Gonçalves, V. Rato, M. Santos, A. Velez) publicado pela Comissão especializada de investigação cientifica do Conselho Geral mandato 2013-17	Iscte	1	FALSE	2012-2022	Investigação	
2017-12-15	2017121500	45º aniversário do ISCTE-IUL	Iscte	1	FALSE	2012-2022	Memória	
2017-12-15	2017121501	"Afirmação de uma identidade. 45 anos de ISCTE Instituto Universitário de Lisboa"	Iscte	1	FALSE	2012-2022	Memória	
2018-02-07	2018020700	Homologação do Relatório de Atividades  (fonte RA2017): Orçamento 42 M€ 	Iscte	1	FALSE	2012-2022	Comunidade	
2018-03-08	2018030800	Maria de Lurdes Rodrigues eleita primeira reitora	Iscte	1	FALSE	2012-2022	Comunidade	Pessoas
2018-04-23	2018042300	INDEG-IUL, protocolo com a IAPMEI para a implementação de três programas para PME's	Iscte	1	FALSE	2012-2022	Prestação de Serviços	
2018-05-18	2018051800	Abertura concursos para a contratação de várias dezenas de investigadores; edital nº 504/2018 de 18 de Maio	Iscte	1	FALSE	2012-2022	Investigação	
2018-09-05	2018090500	Obtenção da Acreditação Institucional pela A3ES (6 anos)	Iscte	1	FALSE	2012-2022	Ensino	
2018-09-14	2018091400	IULCOME: receção aos novos estudantes	Iscte	3	FALSE	2012-2022	Comunidade	
2018-09-26	2018092600	CiênciaVitae como sistema nacional de gestão curricular de ciência	Nacional	1	FALSE	2012-2022		
2018-09-30	2018093000	Número de discentes: 10939	Iscte	1	FALSE	2012-2022	Comunidade	
2018-11-02	2018110200	Comemoração dos 30 anos do INDEG	Iscte	1	FALSE	2012-2022	Memória	Comunidade
2018-11-02	2018110201	Formar para a sociedade do conhecimento. INDEG-ISCTE 30 anos, Carlos Oliveira Santos	Iscte	2	FALSE	2012-2022	Memória	
2018-11-15	2018111500	José Manuel Rebelo Provedor do estudante	Iscte	1	FALSE	2012-2022	Comunidade	Pessoas
2018-11-23	2018112300	Carlos Sá da Costa diretor da Escola de tecnologias e arquitetura (ISTA)	Iscte	1	FALSE	2012-2022	Comunidade	Pessoas
2018-12-01	2018120100	Criação do Observatório português das atividades culturais	Nacional	1	FALSE	2012-2022	Prestação de Serviços	Comunidade
2018-12-13	2018121300	Iscte primeira universidade portuguesa a obter a Certificação Ambiental (ISO 14001:2015)	Iscte	1	FALSE	2012-2022	Comunidade	
2019-01-03	2019010300	José Crespo de Carvalho é presidente do INDEG-ISCTE (eleito)	Iscte	1	FALSE	2012-2022	Comunidade	Pessoas
2019-02-18	2019021800	Tomada de posse do Conselho Científico do ISCTE-IUL	Iscte	1	FALSE	2012-2022	Comunidade	
2019-02-25	2019022500	Luísa Lima eleita presidente do Conselho Científico	Iscte	1	FALSE	2012-2022	Comunidade	Pessoas
2019-03-13	2019031300	Tomada de posse do Conselho Pedagógico do ISCTE- IUL	Iscte	1	FALSE	2012-2022	Comunidade	
2019-03-25	2019032500	Joana Alexandre eleita presidente do Conselho Pedagógico	Iscte	1	FALSE	2012-2022	Comunidade	Pessoas
2019-04-03	2019040300	ISCTE no ranking Times Higher Education (THE) University Impact Rankings	Iscte	1	FALSE	2012-2022	Comunidade	
2019-04-10	2019041000	Maria João Cortinhal diretora da Escola de Gestão (IBS)	Iscte	1	FALSE	2012-2022	Comunidade	Pessoas
2019-04-15	2019041500	Incêndio na Catedral Notre-Dame, Paris	Internacional	1	TRUE	2012-2022		
2019-05-31	2019053100	 Site Ciberdúvidas da Língua Português alojado no site do Iscte	Iscte	1	FALSE	2012-2022		
2019-06-11	2019061100	Luís Antero Reto é reitor (reeleito)	Iscte	1	FALSE	2012-2022	Comunidade	Pessoas
2019-07-17	2019071700	Helena Carvalho reeleita diretora da Escola de sociologia e políticas públicas ( ESPP)	Iscte	1	FALSE	2012-2022	Comunidade	Pessoas
2019-07-17	2019071701	Maria de Fátima Ferreiro diretora da Escola de Ciências Socias e Humanas (ECSH)	Iscte	1	FALSE	2012-2022	Comunidade	Pessoas
2019-07-23	2019072300	Homologação do Relatório de Atividades e de Gestão (fonte RIAG2018): Orçamento 45 M€ 	Iscte	1	FALSE	2012-2022	Comunidade	
2019-09-23	2019092300	Apelo de Greta Thurnberg na Cimeira de Ação Climática, ONU, Nova Iorque	Internacional	1	TRUE	2012-2022		
2019-09-30	2019093000	Número de discentes: 9977	Iscte	1	FALSE	2012-2022	Comunidade	
2019-10-15	2019101500	Madeira: PSD perde maioria absoluta	Iscte	1	FALSE	2012-2022		
2019-10-25	2019102500	Licenciatura em Ciência de Dados	Iscte	2	FALSE	2012-2022	Ensino	
2019-11-12	2019111200	Início de temporada do coro ISCTE-IUL. Maestro João Barros	Iscte	1	FALSE	2012-2022	Comunidade	Pessoas
2019-11-22	2019112200	Aprovada participação na associação ISCTE Conhecimento e Inovação Centro de Inovação e Transferência de Tecnologias	Iscte	1	FALSE	2012-2022	Campus	
2019-12-12	2019121200	Primeiro Relatório de Sustentabilidade	Iscte	1	FALSE	2012-2022	Comunidade	
2019-12-14	2019121400	Apresentação de nova identidade institucional	Iscte	1	FALSE	2012-2022	Identidade	
2019-12-15	2019121500	Criada a revista EntreCampus (ISSN 2184-6545)	Iscte	1	FALSE	2012-2022	Campus	
2020-02-18	2020021800	Centro de Valorização e Transferência de Tecnologia (CVTT)	Iscte	1	FALSE	2012-2022	Investigação	Campus
2020-03-06	2020030600	Alumni Clube Iscte, redenominação de Associação de Antigos Alunos do ISCTE	Iscte	1	FALSE	2012-2022	Comunidade	
2020-03-11	2020031100	OMS declara pandemia do Covid19	Internacional	1	TRUE	2012-2022		
2020-03-12	2020031200	Devido ao confinamento inicia-se ensino não presencial e o teletrabalho	Iscte	1	FALSE	2012-2022	Comunidade	Infraestruturação
2020-06-15	2020061500	João Leão, ministro de Estado e das Finanças	Iscte	1	TRUE	2012-2022	Comunidade	Pessoas
2020-07-21	2020072100	Homologação do Relatório de Atividades e de Gestão (fonte RIAG2019): Orçamento 49 M€ 	Iscte	1	FALSE	2012-2022	Comunidade	
2020-09-15	2020091500	Atividade letiva em ambiente híbrido 	Iscte	1	FALSE	2012-2022	Ensino	
2020-09-30	2020093000	Número de discentes: 11214	Iscte	1	FALSE	2012-2022	Comunidade	
2020-10-02	2020100200	Observatório do Emprego Jovem (Refª. UIDP/0317/2020)	Iscte	1	FALSE	2012-2022		
2020-10-16	2020101600	Matricula-se estudante nº 1000009	Iscte	1	FALSE	2012-2022	Memória	
2020-12-15	2020121500	Presidente da República distingue Iscte com a Ordem da Instrução Pública	Iscte	1	FALSE	2012-2022	Identidade	
2020-12-15	2020121501	Honoris causa atribuído a António Correira de Campos	Iscte	1	FALSE	2012-2022	Identidade	Pessoas
2020-12-15	2020121502	Honoris causa atribuído a José Pacheco Pereira	Iscte	1	FALSE	2012-2022	Identidade	Pessoas
2020-12-15	2020121503	Honoris causa atribuído a Nuno Portas	Iscte	1	FALSE	2012-2022	Identidade	Pessoas
2020-12-17	2020121700	Certificação de Responsabilidade Social (NP 4469:2019)	Iscte	1	FALSE	2012-2022	Comunidade	
2020-12-21	2020122100	EMA aprova vacina contra a Covid_19, Comirnaty, laboratórios BioNTech e Pfizer	Internacional	1	TRUE	2012-2022		
2021-01-01	2021010100	Criado o Sociodigital Lab for Public Policy, agregando seis unidades de investigação do Iscte	Iscte	1	FALSE	2012-2022	Investigação	
2021-01-31	2021013100	Reino Unido sai da União Europeia (Brexit)	Internacional	2	TRUE	2012-2022		
2021-02-03	2021020300	Remodelação do ex-edifício IMT (novo edifício do Iscte - Conhecimento e Inovação	Iscte	1	FALSE	2012-2022	Campus	Infraestruturação
2021-03-18	2021031800	Maria Luísa Lima reeleita presidente do Conselho Científico	Iscte	1	FALSE	2012-2022	Comunidade	Pessoas
2021-04-20	2021042000	Testes COVID em parceria com a Cruz Vermelha Portuguesa	Iscte	1	FALSE	2012-2022	Comunidade	
2021-05-01	2021050100	Descontinuação da plataforma de gestão curricular DeGóis, substituída pelo CiênciaVitae	Nacional	1	FALSE	2012-2022		
2021-05-06	2021050600	Município de Sintra cede terreno para a quinta escola do Iscte	Iscte	1	FALSE	2012-2022	Campus	Infraestruturação
2021-07-07	2021070700	Homologação do Relatório de Atividades e de Gestão (fonte RIAG2020): Orçamento 44 M€ 	Iscte	1	FALSE	2012-2022	Comunidade	
2021-07-13	2021071300	Joana Alexandre reeleita presidente do Conselho Pedagógico	Iscte	1	FALSE	2012-2022	Comunidade	Pessoas
2021-07-19	2021071900	Júlio Pedrosa é presidente do Conselho Geral (reeleito)	Iscte	1	FALSE	2012-2022	Comunidade	Pessoas
2021-09-30	2021093000	Número de discentes: 11073	Iscte	1	FALSE	2012-2022	Comunidade	
2021-10-31	2021103100	Cimeira sobre as alterações climáticas (COP26)	Internacional	1	TRUE	2012-2022		
2021-11-14	2021111400	Claque ISCTE (925 participantes) no jogo da seleção portuguesa contra a seleção sérvia	Iscte	1	FALSE	2012-2022	Comunidade	
2021-11-26	2021112600	Escola de Tecnologias Digitais, Economia e Sociedade (Iscte Sintra)	Iscte	1	FALSE	2012-2022	Comunidade	
2021-12-07	2021120700	José António Pinto Ribeiro é presidente do Conselho de Curadores (eleito)	Iscte	1	FALSE	2012-2022	Comunidade	Pessoas
2022-02-08	2022020800	Maria de Lurdes Rodrigues reeleita reitora	Iscte	1	TRUE	2012-2022	Comunidade	Pessoas
2022-02-24	2022022400	Federação Russa invade a Ucrânia	Internacional	1	TRUE	2012-2022		
2022-03-01	2022030100	Desmaterialização dos requerimentos académicos	Iscte	1	FALSE	2012-2022	Desmaterialização	
2022-03-03	2022030300	Início da construção do CVTT (Centro de Valorização e Transferência de Tecnologias)	Iscte	1	FALSE	2012-2022	Campus	Infraestruturação
2022-03-08	2022030800	Plantação de Árvore da Vida (thuji occidentalis) pelos 50 anos	Iscte	1	FALSE	2012-2022	Memória	
2022-03-30	2022033000	Helena Carreiras, ministra da Defesa	Iscte	1	TRUE	2012-2022	Comunidade	Pessoas
2022-03-30	2022033001	Pedro Adão e Silva, ministro da Cultura	Iscte	1	TRUE	2012-2022	Comunidade	Pessoas
2022-04-03	2022040300	Corrida e caminhada comemorativas do Cinquentenário	Iscte	1	FALSE	2012-2022	Memória	
2022-07-08	2022070800	Homenagem parlamentar ao professor João Ferreira de Almeida (1941-2022)	Nacional	1	TRUE	2012-2022	Comunidade	Pessoas
2022-12-15	2022121500	Começa a funcionar, em setembro, o Iscte Sintra, Escola de Tecnologias Digitais, Economia e Sociedade	Iscte	1	FALSE	2012-2022		
2022-12-15	2022121501	Tomada de posse do diretor da Escola de Tecnologias Digitais, Economia e Sociedade (Iscte Sintra)	Iscte	1	FALSE	2012-2022	Comunidade	
2022-12-15	2022121502	Comemoração do Cinquentenário	Iscte	1	FALSE	2012-2022	Memória	