DATA	MARCO/EVENTO	Âmbito	Descrição / Legenda da fonte	Tipo	Link					
2022-12-15	Comemoração do Cinquentenário	Iscte			perguntar Hugo porquê aparece uma foto se ainda não aconteceu					
2022-12-15	Tomada de posse do diretor da Escola de Tecnologias Digitais, Economia e Sociedade (Iscte Sintra)	Iscte								
2022-07-08	Homenagem parlamentar ao professor João Ferreira de Almeida (1941-2022)	Nacional		pagina_web	https://www.iscte-iul.pt/noticias/2019/ar-exprime-pesar-pelo-falecimento-de-joao-ferreira-de-almeida					
2022-04-03	Corrida e caminhada comemorativas do Cinquentenário	Iscte								
2022-03-30	Helena Carreiras ministra da Defesa	Iscte								
2022-03-30	Pedro Adão e Silva ministro da Cultura	Iscte								
2022-03-30	Pedro Adão e Silva ministro da Cultura	Iscte		pagina_web	https://dre.pt/dre/detalhe/deliberacao/1567-2013-1496430					
2022-03-08	Maria de Lurdes Rodrigues reeleita reitora	Iscte								
2022-03-08	Plantação de Árvore da Vida (thuji occidentalis) pelos 50 anos	Iscte		imagem	https://www.flickr.com/photos/iscteiul/52015163383/in/album-72177720298221622/					
2022-03-03	Início da construção do CVTT (Centro de Valorização e Transferência de Tecnologias)	Iscte								
2022-03-01	Desmaterialização dos requerimentos académicos	Iscte								
2022-02-24	Rússia invade Ucrânia	Internacional	Imagens da invasão da Rússia à Ucrânia	video	https://www.youtube.com/watch?v=V9KDF4kVd4s					
2021-12-07	José António Pinto Ribeiro eleito presidente do Conselho de Curadores	Iscte								
2021-11-26	Escola de Tecnologias Digitais, Economia e Sociedade (Iscte Sintra)	Iscte								
2021-11-14	Claque ISCTE (925 participantes) no jogo da seleção portuguesa contra a seleção sérvia	Iscte								
2021-10-31	Cimeira sobre as alterações climáticas (COP26), Glasgow	Internacional	COP26 in 10 Minutes	video	https://www.youtube.com/watch?v=qmkJ8QqFlU4					
2021-09-30	Número de discentes: 11073	Iscte								
2021-08-30	Retirada militar norte-americana do Afeganistão	Internacional	Retirada militar EUA Afeganistão (Notícia)	pagina_web	https://www.dn.pt/internacional/ultimos-soldados-dos-estados-unidos-ja-deixaram-o-afeganistao-14074998.html					
2021-07-19	Júlio Pedrosa reeleito presidente do Conselho Geral	Iscte		imagem	https://www.flickr.com/photos/iscteiul/52015115246/in/album-72177720298221622/					
2021-07-13	Joana Alexandre reeleita presidente do Conselho Pedagógico	Iscte		imagem	https://www.flickr.com/photos/iscteiul/52015163553/in/album-72177720298221622/					
2021-07-07	Homologação do Relatório de Atividades e de Gestão (fonte RIAG2020): Orçamento 44 M€ 	Iscte								
2021-06-30	Descontinuação da Plataforma nacional de ciência e tecnologia DeGóis	Nacional	Arquivo da plataforma DeGóis	pagina_web	https://arquivo.pt/wayback/20131106193845/http://www.degois.pt/globalindex.jsp					
2021-05-06	Município de Sintra cede terreno para a quinta escola do Iscte	Iscte								
2021-04-20	Testes COVID em parceria com a Cruz Vermelha Portuguesa	Iscte		imagem	https://www.flickr.com/photos/iscteiul/52015366049/in/album-72177720298221622/					
2021-03-18	Maria Luísa Lima reeleita presidente do Conselho Científico	Iscte		imagem	https://www.flickr.com/photos/iscteiul/52015163623/in/album-72177720298221622/					
2021-02-03	Remodelação do ex-edifício IMT	Iscte								
2021-01-31	Reino Unido sai da União Europeia	Internacional		pagina_web	https://eurocid.mne.gov.pt/saida-do-reino-unido-da-ue					
2021-01-01	Criado o Sociodigital Lab for Public Policy, agregando seis unidades de investigação do Iscte	Iscte		imagem	https://www.flickr.com/photos/iscteiul/52015163063/in/album-72177720298221622/					
2020-12-21	EMA aprova vacina contra a Covid_19, Comirnaty, laboratórios BioNTech e Pfizer	Internacional		pagina_web	https://www.netfarma.pt/ema-aprova-vacina-pfizer-biontech/					
2020-12-17	Certificação de Responsabilidade Social (NP 4469:2019)	Iscte								
2020-12-15	Honoris causa atribuído a António Correira de Campos	Iscte		imagem	https://www.flickr.com/photos/iscteiul/52015115356/in/album-72177720298221622/					
2020-12-15	Honoris causa atribuído a José Pacheco Pereira	Iscte		imagem	https://www.flickr.com/photos/iscteiul/52015631215/in/album-72177720298221622/					
2020-12-15	Honoris causa atribuído a Nuno Portas	Iscte		imagem	https://www.flickr.com/photos/iscteiul/52014087177/in/album-72177720298221622/					
2020-12-15	Presidente da República distingue Iscte com a Ordem da Instrução Pública	Iscte		imagem	https://www.flickr.com/photos/iscteiul/52015163643/in/album-72177720298221622/					
2020-11-24	Açores: primeiro governo regional de coligação	Nacional		pagina_web	https://www.dnoticias.pt/2020/12/19/243470-eleicoes-nos-acores-resultaram-numa-geringonca-regional-a-direita/					
2020-10-16	Matricula-se estudante nº 100000	Iscte								
2020-10-02	Observatório do Emprego Jovem (Refª. UIDP/0317/2020)	Nacional		pagina_web	https://obsempregojovem.com/					
2020-09-30	Número de discentes: 11214	Iscte								
2020-09-15	Atividade letiva em ambiente híbrido 	Iscte								
2020-07-21	Homologação do Relatório de Atividades e de Gestão (fonte RIAG2019): Orçamento 49 M€ 	Iscte								
2020-07-20	16th EASA Biennial Conference. Virtual Lisbon Conference	Internacional		pagina_web	https://easaonline.org/conferences/easa2020/					
2020-06-15	João Leão ministro de Estado e das Finanças	Nacional		pagina_web	https://www.portugal.gov.pt/pt/gc22/area-de-governo/financas/ministro					
2020-03-12	Devido ao confinamento inicia-se ensino não presencial e o teletrabalho	Iscte								
2020-03-11	OMS declara pandemia do Covid19	Internacional		pagina_web	https://news.un.org/pt/story/2020/03/1706881					
2020-03-06	Alumni Clube Iscte, redenominação de Associação de Antigos Alunos do ISCTE	Iscte								
2020-02-18	Centro de Valorização e Transferência de Tecnologia (CVTT)	Iscte		imagem	https://www.flickr.com/photos/iscteiul/52015162958/in/album-72177720298221622/					
2020-01-31	UE: Brexit	Internacional			??????????????					
2019-12-15	Criada a revista EntreCampus (ISSN 2184-6545)	Iscte		imagem	https://www.flickr.com/photos/iscteiul/52015115111/in/album-72177720298221622/					
2019-12-14	Apresentação de nova identidade institucional	Iscte		imagem	https://www.flickr.com/photos/iscteiul/52015365669/in/album-72177720298221622/					
2019-12-12	Primeiro Relatório de Sustentabilidade	Iscte		imagem	https://www.flickr.com/photos/iscteiul/52015365924/in/album-72177720298221622/					
2019-11-22	Aprovada participação na associação ISCTE Conhecimento e Inovação Centro de Inovação e Transferência de Tecnologias	Iscte								
2019-11-12	Início de temporada do coro ISCTE-IUL. Maestro João Barros	Iscte		imagem	https://www.flickr.com/photos/iscteiul/52015163763/in/album-72177720298221622/					
2019-10-25	Licenciatura em Ciência de Dados	Iscte		imagem	https://www.flickr.com/photos/iscteiul/52015115401/in/album-72177720298221622/					
2019-10-25	Licenciatura em Ciência de Dados	Iscte		pagina_web	https://dre.pt/dre/detalhe/despacho/11562-2019-126959053					
2019-10-15	Madeira: PSD perde maioria absoluta	Iscte								
2019-09-30	Número de discentes: 9977	Iscte								
2019-09-23	Apelo de Greta Thurnberg na Cimeira de Ação Climática, ONU, Nova Iorque	Internacional	Discurso de Greta Thunberg	video	https://www.youtube.com/watch?v=mbnRv81s_9Q					
2019-07-23	Homologação do Relatório de Atividades e de Gestão (fonte RIAG2018): Orçamento 45 M€ 	Iscte								
2019-07-17	Helena Carvalho reeleita diretora da Escola de sociologia e políticas públicas ( ESPP)	Iscte		imagem	https://www.flickr.com/photos/iscteiul/52015366214/in/album-72177720298221622/					
2019-07-17	Maria de Fátima Ferreiro diretora da Escola de Ciências Socias e Humanas (ECSH)	Iscte		imagem	https://www.flickr.com/photos/iscteiul/52015163798/in/album-72177720298221622/					
2019-06-11	Luís Antero Reto reeleito reitor	Iscte								
2019-05-31	Site Ciberdúvidas da Língua Português alojado no site do Iscte	Iscte								
2019-04-15	Incêndio na Catedral Notre-Dame, Paris	Internacional	Imagens do incêndio de Notre-Dame	video	https://www.youtube.com/watch?v=y0ua-inMOjY					
2019-04-10	Maria João Cortinhal diretora da Escola de Gestão (IBS)	Iscte		imagem	https://www.flickr.com/photos/iscteiul/52015365444/in/album-72177720298221622/					
2019-04-03	ISCTE no ranking Times Higher Education (THE) University Impact Rankings	Iscte								
2019-03-25	Joana Alexandre eleita presidente do Conselho Pedagógico	Iscte								
2019-03-13	Tomada de posse do Conselho Pedagógico do ISCTE- IUL	Iscte		imagem	https://www.flickr.com/photos/iscteiul/52015163818/in/album-72177720298221622/					
2019-02-25	Luísa Lima eleita presidente do Conselho Científico	Iscte								
2019-02-18	Tomada de posse do Conselho Científico do ISCTE-IUL	Iscte								
2019-01-03	José Crespo de Carvalho eleito presidente do INDEG-ISCTE	Iscte								
2018-12-13	Iscte primeira universidade portuguesa a obter a Certificação Ambiental (ISO 14001:2015)	Iscte								
2018-12-01	Observatório português das atividades culturais	Nacional		pagina_web	https://www.opac.cies.iscte-iul.pt/					
2018-11-23	Carlos Sá da Costa diretor da Escola de tecnologias e arquitetura (ISTA)	Iscte		imagem	https://www.flickr.com/photos/iscteiul/52015115531/in/album-72177720298221622/					
2018-11-15	José Manuel Rebelo Provedor do estudante	Iscte		pagina_web	https://dre.pt/dre/detalhe/despacho/11475-2018-117179562					
2018-11-02	Comemoração dos 30 anos do INDEG	Iscte								
2018-11-02	Formar para a sociedade do conhecimento. INDEG-ISCTE 30 anos, Carlos Oliveira Santos	Iscte		imagem	https://www.flickr.com/photos/iscteiul/52014086907/in/album-72177720298221622/					
2018-11-02	Formar para a sociedade do conhecimento. INDEG-ISCTE 30 anos, Carlos Oliveira Santos	Iscte		pagina_web	https://repositorio.iscte-iul.pt/handle/10071/17835					
2018-09-30	Número de discentes: 10939	Iscte								
2018-09-26	CiênciaVitae Sistema nacional de gestão curricular de ciência. https://cienciavitae.pt	Nacional		pagina_web	https://www.cienciavitae.pt/					
2018-09-05	Obtenção da Acreditação Institucional pela A3ES (6 anos)	Iscte								
2018-05-18	Abertura concursos para a contratação de várias dezenas de investigadores; edital nº 504/2018 de 18 de Maio	Iscte								
2018-04-23	INDEG-IUL, protocolo com a IAPMEI para a implementação de três programas para PME's	Iscte								
2018-03-08	Maria de Lurdes Rodrigues eleita primeira reitora	Iscte		imagem	https://www.flickr.com/photos/iscteiul/52015115596/in/album-72177720298221622/					
2018-02-07	Homologação do Relatório de Atividades  (fonte RA2017): Orçamento 42 M€ 	Iscte								
2017-12-15	"Afirmação de uma identidade. 45 anos de ISCTE Instituto Universitário de Lisboa"	Iscte		imagem	https://www.flickr.com/photos/iscteiul/52015630880/in/album-72177720298221622/					
2017-12-15	45º aniversário do ISCTE-IUL	Iscte								
2017-11-24	"Retrato da investigação científica no ISCTE-IUL. Documento síntese do estudo realizado pela CEIC" (A. Benavente, P. Guibentif, M. E. Gonçalves, V. Rato, M. Santos, A. Velez) publicado pela Comissão especializada de investigação cientifica do Conselho Geral mandato 2013-17	Iscte		imagem	https://www.flickr.com/photos/iscteiul/52015631095/in/album-72177720298221622/					
2017-10-15	Fogos florestais na zona centro causam 48 mortos	Nacional		video	https://www.youtube.com/watch?v=laP58FnQNmo					
2017-09-30	Número de discentes: 10620	Iscte								
2017-09-08	Júlio Pedrosa eleito presidente do Conselho Geral	Iscte								
2017-06-26	Fogos florestais em Pedrógão Grande causam 66 mortos	Nacional		video	https://www.youtube.com/watch?v=onQ0PssENGQ					
2017-05-13	Salvador Sobral vence o Festival Eurovisão da Canção	Nacional		video	https://www.youtube.com/watch?v=z5VUti3kVIo					
2017-03-19	Homologação do Relatório de Atividades  (fonte RA2016): Orçamento 42 M€ 	Iscte								
2017-03-17	Fernando Batista eleito presidente do Conselho Pedagógico	Iscte		imagem	https://www.flickr.com/photos/iscteiul/52015631515/in/album-72177720298221622/					
2017-03-17	Integração da componente da Sustentabilidade no SIGQ	Iscte								
2017-02-24	Francisco Cercas reeleito presidente do Conselho Cientifico	Iscte								
2017-02-01	Assinatura eletrónica de pautas	Iscte			colocar foto e evento na linha 97					
2017-01-31	Relatório final "A praxe como fenómeno social" da DGES	Nacional		documento	https://www.dges.gov.pt/sites/default/files/naipa/a_praxe_como_fenomeno_social.pdf					
2017-01-09	Código de Conduta Académica (plágio)	Iscte		documento	https://www.iscte-iul.pt/assets/files/2017/02/20/1487602801326_codigodecondutaacademica.pdf					
2017-01-09	Código de Conduta Académica (plágio)	Iscte		imagem	https://www.flickr.com/photos/iscteiul/52015366699/in/album-72177720298221622/					
2017-01-07	Mário Soares, 1924-2017	Nacional		video	https://www.youtube.com/watch?v=z0keKn-YJRk					
2017-01-01	António Guterres eleito secretário-geral da ONU	Internacional		pagina_web	https://unric.org/pt/secretario-geral-biografia/					
2017-01-01	António Guterres eleito secretário-geral da ONU	Internacional		video	https://www.youtube.com/watch?v=a9pGgZugIs8					
2016-12-15	"Uma Década de Intervenções no Campus. ISCTE-Iul Arquitetura e universidade 2005-2015" de J. Baltazar	Iscte		imagem	https://www.flickr.com/photos/iscteiul/52015114651/in/album-72177720298221622/					
2016-12-15	"Uma Década de Intervenções no Campus. ISCTE-Iul Arquitetura e universidade 2005-2015" de J. Baltazar	Iscte		pagina_web	https://catalogo.biblioteca.iscte-iul.pt/cgi-bin/koha/opac-detail.pl?biblionumber=100811					
2016-11-24	Colômbia: acordo de paz entre o governo e as FARC	Internacional		video	https://www.youtube.com/watch?v=KMMybg-tyj4					
2016-09-30	Número de discentes: 10488	Iscte								
2016-09-29	Ricardo Fonseca reeleito diretor da Escola de tecnologias e arquitetura (ISTA)	Iscte		imagem	https://www.flickr.com/photos/iscteiul/52014087492/in/album-72177720298221622/					
2016-09-22	ISCTE classificado pela primeira vez no ranking Times Higher Education (THE)	Iscte		imagem	https://www.flickr.com/photos/iscteiul/52015365979/in/album-72177720298221622/					
2016-07-20	Filipe Reis reeleito diretor da ECSH	Iscte		imagem	https://www.flickr.com/photos/iscteiul/52015115681/in/album-72177720298221622/					
2016-07-20	Helena Carreiras eleita diretora da Escola de sociologia e políticas públicas (ESPP)	Iscte		imagem	https://www.flickr.com/photos/iscteiul/52015631600/in/album-72177720298221622/					
2016-07-10	Portugal sagra-se campeão europeu de futebol	Internacional		video	https://www.youtube.com/watch?v=701Ikg2VvUg					
2016-05-30	Homologação do Relatório de Atividades  (fonte RA2015): Orçamento 38,5 M€ 	Iscte								
2016-04-27	Homenagem ao general A. Ramalho Eanes no 7º aniversário do regime fundacional	Iscte		imagem	https://www.flickr.com/photos/iscteiul/52014087527/in/album-72177720298221622/					
2016-04-12	Eleição de primeira Comissão de Trabalhadores	Iscte								
2016-02-26	Resolução da AR nº 38/2016. Reforço de medidas sobre a praxe académica	Nacional		documento	https://files.dre.pt/1s/2016/02/04000/0063000630.pdf					
2016-01-21	Criada a Revista de Gestão dos Países de Língua Portuguesa, vol. 15, nº1, sucede a Revista Portuguesa e Brasileira de Gestão	Iscte								
2015-12-23	Código de Conduta Académica; https://www.iscte-iul.pt/assets/files/2017/02/20/1487602801326_codigodecondutaacademica.pdf	Nacional			?????????????????????					
2015-12-15	Clube ISCTE institui o mural solidário	Iscte		imagem	https://www.flickr.com/photos/iscteiul/52014087462/in/album-72177720298221622/					
ERRO NO EVENTO!	Acordo de Paris	ERRO NO EVENTO!		video	https://www.youtube.com/results?search_query=acordo+paris					
2015-11-30	Cimeira sobre as alterações climáticas (COP21), Paris	Internacional		video	https://www.youtube.com/watch?v=gOgTxo_4Tgo					
2015-10-23	Eduardo Ferro Rodrigues eleito 14º Presidente da Assembleia da República	Nacional		pagina_web	https://www.parlamento.pt/sites/PARXIIIL/Paginas/2019/outubro/Deputado-Eduardo-Ferro-Rodrigues-reeleito-PAR.aspx					
2015-10-06	Depósito em acesso aberto. Despacho reitoral 65/2015	Iscte		documento	https://repositorio.iscte-iul.pt/documentos/politica_de_acesso_aberto_do_iscte_iul.pdf					
2015-09-30	Número de discentes: 10647	Iscte								
2015-09-25	Agenda 2030: Objetivos de desenvolvimento sutentável	Internacional		video	https://www.youtube.com/watch?v=oqevLyeQe8A					
2015-09-22	Carlos Santos Ferreira eleito presidente do Conselho de Curadores	Iscte		imagem	https://www.flickr.com/photos/iscteiul/52015115736/in/album-72177720298221622/					
2015-09-11	Criação do Coro ISCTE. Maestro Pedro Miguel	Iscte		imagem	https://www.flickr.com/photos/iscteiul/52015163013/in/album-72177720298221622/					
2015-09-11	Criação do Coro ISCTE. Maestro Pedro Miguel	Iscte		musica	procurar no canal youtube do iscte uma música					
2015-06-09	ISCTE co-fundador da Associação das Universidades Portuguesas	Iscte		imagem	https://www.flickr.com/photos/iscteiul/52015115021/in/album-72177720298221622/					
2015-05-31	Desmaterialização do Inquérito de monitorização pedagógica (3º ciclo)	Iscte								
2015-04-09	José Paulo Esperança eleito presidente da escola de Gestão (IBS)	Iscte		imagem	https://www.flickr.com/photos/iscteiul/52015164188/in/album-72177720298221622/					
2015-03-30	Primeiro doutoramento em Gestão Empresarial Aplicada no âmbito do acordo com a Southern Medical University, Guangzhou	Iscte								
2015-03-26	Maria Madalena Ramos eleita presidente do Conselho Pedagógico	Iscte								
2015-02-11	Certificação do Sistema Integrado de Garantia da Qualidade (SIGQ) pela A3ES (6 anos)	Iscte		imagem	https://www.flickr.com/photos/iscteiul/52015164008/in/album-72177720298221622/					
2015-02-02	Francisco Cercas eleito presidente do Conselho Cientifico	Iscte		imagem	https://www.flickr.com/photos/iscteiul/52015115806/in/album-72177720298221622/					
2015-01-07	Massacre de Charlie Hebdo, Paris	Internacional	Imagens do ataque a Charlie Hebdo	video	https://www.youtube.com/watch?v=DTt3qKNfKTk					
2014-12-15	Intranet MyISCTE. https://intranet.iscte-iul.pt/user/login?destination=home	Iscte		imagem	https://www.flickr.com/photos/iscteiul/52015630435/in/album-72177720298221622/					
2014-12-15	Intranet MyISCTE. https://intranet.iscte-iul.pt/user/login?destination=home	Iscte		pagina_web	https://intranet.iscte-iul.pt/user/login?destination=home					
2014-12-15	Portal I-Meritus para a avaliação do desempenho dos docentes e dos investigadores; https://i-meritus.iscte-iul.pt	Iscte								
2014-11-21	José Socrátes detido no Aeroporto de Lisba sob suspeita de vários crimes	Nacional		video	https://www.youtube.com/watch?v=th9Fp0DVitE					
2014-09-30	Número de discentes: 10176	Iscte								
2014-09-11	IULCOME: receção aos novos estudantes	Iscte		imagem	https://www.flickr.com/photos/iscteiul/52015163933/in/album-72177720298221622/					
2014-09-11	IULCOME: receção aos novos estudantes	Iscte			https://www.flickr.com/photos/iscteiul/52015365519/in/album-72177720298221622/					
2014-09-01	Inscrições on-line do 3º ciclo	Iscte		imagem	https://www.flickr.com/photos/iscteiul/52015114886/in/album-72177720298221622/					
2014-05-13	ISTAR-ISCTE	Iscte		imagem	https://www.flickr.com/photos/iscteiul/52015631715/in/album-72177720298221622/					
2014-04-30	Resolução da AR nº 43/2014. Medidas de combate a todas as formas de violência escolar	Nacional	???????????							
2014-03-18	Incorporação da Crimeia na Federação Russa	Internacional		video	https://www.youtube.com/watch?v=5ws2wX9NVrA					
2014-03-03	Luís Antero Reto eleito reitor	Iscte		imagem	https://www.flickr.com/photos/iscteiul/52015164233/in/album-72177720298221622/					
2013-12-04	Desmaterialização do registo da assiduidade e sumários (docente e discente)	Iscte		imagem	https://www.flickr.com/photos/iscteiul/52015365759/in/album-72177720298221622/					
2013-12-04	Desmaterialização do registo da assiduidade e sumários (docente e discente)	Iscte		imagem	https://www.flickr.com/photos/iscteiul/52015630805/in/album-72177720298221622/					
2013-12-04	Desmaterialização do registo da assiduidade e sumários (docente e discente)	Iscte		imagem	https://www.flickr.com/photos/iscteiul/52014086832/in/album-72177720298221622/					
2013-11-11	Plataforma de gestão curricular de investigação Ciência-IUL	Iscte		imagem	https://www.flickr.com/photos/iscteiul/52015115186/in/album-72177720298221622/					
2013-11-11	Plataforma de gestão curricular de investigação Ciência-IUL	Iscte		pagina_web	https://ciencia.iscte-iul.pt					
2013-11-04	Primeiro doutoramento em Gestão Empresarial Aplicada no âmbito do acordo com a University of Electronic Sciences and Technology of China, Chengdu, China	Iscte								
2013-10-08	José Manuel Rebelo eleito presidente do Conselho Cientifico	Iscte		imagem	https://www.flickr.com/photos/iscteiul/52014087342/in/album-72177720298221622/					
2013-09-30	Número de discentes: 10171	Iscte								
2013-09-18	Ricardo Fonseca eleito diretor da Escola de tecnologias e arquitetura (ISTA)	Iscte								
2013-09-13	Carlos Lopes reeleito presidente do Conselho Geral	Iscte								
2013-07-17	Clara Carvalho primeira diretora do recém criado Centro de Estudos Internacionais (CEI_ISCTE)	Iscte		imagem	https://www.flickr.com/photos/iscteiul/52015115836/in/album-72177720298221622/					
2013-07-12	Helena Carvalho eleita diretora da Escola de sociologia e políticas públicas ( ESPP)	Iscte								
2013-07-08	Filipe Reis eleito diretor da ECSH	Iscte								
2013-07-01	Adesão da Croácia à União Europeia	Internacional		video	https://www.youtube.com/watch?v=GTllevf3fg0					
2013-02-07	José Luís Saldanha eleito presidente do Conselho Pedagógico	Iscte								
2012-12-15	"Até onde nos leva o saber. Uma história de 40 anos do ISCTE Instituto Universitário de Lisboa"	Iscte		imagem	https://www.flickr.com/photos/iscteiul/52014086702/in/album-72177720298221622/					
2012-12-15	Comemoração dos 40 anos	Iscte		imagem	https://www.flickr.com/photos/iscteiul/52015631825/in/album-72177720298221622/					
2012-12-15	Medalha dos 40 anos	Iscte		imagem	https://www.flickr.com/photos/iscteiul/52014086972/in/album-72177720298221622/					
2012-12-14	Victor Franco eleito presidente do Conselho Científico	Iscte								
2012-11-20	Mohamed Azzim Gulamhussen eleito presidente da escola de Gestão (IBS)	Iscte								
2012-10-12	Departamento de Matemática	Iscte		pagina_web	https://dre.pt/dre/detalhe/deliberacao/1530-2012-3282333					
2012-10-12	Departamento de Métodos Quantitativos para Gestão e Economia. Redenominação do departamento de Métodos Quantitativos	Iscte	Deliberação 1530/2012-DR 212/2012 de 31de Outubro	pagina_web	https://dre.pt/dre/detalhe/deliberacao/1530-2012-3282333					
2012-10-12	Honoris Causa atribuído a Manuel Marín ✝︎	Iscte		imagem	https://www.flickr.com/photos/iscteiul/52014087652/in/album-72177720298221622/					
2012-09-30	Número de discentes: 10043	Iscte								
2012-09-15	Manifestação popular "Que se lixe a Troika!"	Nacional			http://queselixeatroika15setembro.blogspot.com					
2012-09-12	Honoris Causa atribuído a Fernando Henrique Cardoso	Iscte		imagem	https://www.flickr.com/photos/iscteiul/52015631840/in/album-72177720298221622/					
2012-06-02	Claque do ISCTE (500 participantes) no jogo da seleção portuguesa contra a seleção turca	Iscte								
2012-05-31	Desmaterialização do Inquérito de monitorização pedagógica (2º ciclo)	Iscte								
2012-05-29	Extinta Fundação ISCTE (continua como IPPS)	Iscte		pagina_web	https://dre.pt/dre/detalhe/despacho/8181-2012-1247007					
2012-03-06	Criação do Vitruvius FABLAB	Iscte								
2012-01-16	Homologação da compra do edifício IMT	Iscte								
2011-11-02	Manual da Qualidade (com revisões bienais)	Iscte								
2011-09-09	Symposium Digital Fabricatio​n – a State of Art no ISCTE-IUL	Iscte		imagem	https://www.flickr.com/photos/iscteiul/52014910598/in/album-72177720298218822/					
2011-05-17	Intervenção da Troika	Nacional		video	https://www.youtube.com/watch?v=8klYt4SqTMk&t=4s					
2011-05-16	Conselho Geral extingue Fundação ISCTE	Iscte								
2011-04-27	Honoris Causa atribuído a André Jordan	Iscte		imagem	https://www.flickr.com/photos/iscteiul/52015113094/in/album-72177720298218822/					
2011-04-27	Honoris Causa atribuído a José Veiga Simão ✝︎	Iscte		imagem	https://docs.google.com/spreadsheets/d/1F8EqvOH6lH-XNWWUpkc7COcQitjm7KQQ/edit#gid=1583501620					
2011-04-15	"Ética na Investigação Melhores práticas, melhor Ciência (2016)"	Iscte		imagem	https://www.flickr.com/photos/iscteiul/52015630980/in/album-72177720298221622/					
2011-04-15	"Ética na Investigação Melhores práticas, melhor Ciência (2016)"	Iscte		pagina_web	https://www.iscte-iul.pt/assets/files/2019/10/30/1572448056118_C_digo_de_Conduta__tica_na_Investiga__o_ISCTE.pdf					
2011-04-15	Regulamento da Comissão de Ética	Iscte		pagina_web	https://dre.pt/dre/detalhe/despacho/7095-2011-3544320					
2011-03-28	Instituto para as Políticas Públicas e Sociais (IPPS- IUL)	Iscte								
2011-03-20	Honoris causa a Wei Zhao atriibuído na Academia de Ciências de Lisboa (em associação: UTL, Porto, NOVA, Aveiro, Minho, Évora, Açores, Algarve, UTAD, UBI, Madeira, ISCTE)	Iscte								
ERRO NO EVENTO!	Acidente central nuclear, Fukusima, Japão	ERRO NO EVENTO!		video	https://www.youtube.com/watch?v=MfE8co6MX2w					
2011-03-01	Automatização plena das inscrições do 2º ciclo	Iscte								
2011-01-18	Susana Fonseca eleita presidente do Conselho Pedagógico	Iscte								
2010-12-13	Observatório das famílias e das políticas de família	Nacional		pagina_web	https://ofap.ics.ulisboa.pt/					
2010-12-06	Regulamento Disciplinar de Discentes	Iscte								
2010-10-21	Regulamento de Avaliação de Desempenho dos Docentes do ISCTE-IUL	Iscte		pagina_web	https://dre.pt/dre/detalhe/despacho/16623-2010-2596661					
2010-09-30	Departamento de Ciência Política e Polítcas Públicas	Iscte		pagina_web	https://dre.pt/dre/detalhe/deliberacao/1971-2010-2596659					
2010-09-30	Departamento de Economia Política	Iscte		pagina_web	https://dre.pt/dre/detalhe/deliberacao/1971-2010-2596659					
2010-09-30	Departamento de Marketing, Operações e Gestão Geral (redenominação de Ciências de Gestão do departamento de Ciências de Gestão	Iscte		pagina_web	https://dre.pt/dre/detalhe/deliberacao/1971-2010-2596659					
2010-09-30	Departamento de Métodos de Pesquisa Social	Iscte		pagina_web	https://dre.pt/dre/detalhe/deliberacao/1971-2010-2596659					
2010-09-30	Departamento de Recursos Humanos e Comportamento Organizacional	Iscte		pagina_web	https://dre.pt/dre/detalhe/deliberacao/1971-2010-2596659					
2010-09-30	Número de discentes: 9542	Iscte								
2010-09-01	Desmaterialização dos sumários das aulas	Iscte								
2010-07-02	Publicação do regulamento da IBS	Iscte								
2010-07-01	António Gomes Mota eleito diretor da Escola de Gestão (IBS)	Iscte								
2010-07-01	Francisco Cercas eleito diretor da Escola de Tecnologias e Arquitetura (ISTA)	Iscte		imagem	https://www.flickr.com/photos/iscteiul/52015377580/in/album-72177720298218822/					
2010-07-01	Juan Mozzicafreddo (✝︎) eleito diretor da Escola de Sociologia e Políticas Públicas (ESPP)	Iscte		imagem	https://www.flickr.com/photos/iscteiul/52015377610/in/album-72177720298218822/					
2010-07-01	Maria Luisa Pedrosa de Lima eleita diretora da Escola de Ciências Sociais e Humanas (ECSH)	Iscte		imagem	https://www.flickr.com/photos/iscteiul/52015377630/in/album-72177720298218822/					
2010-06-18	Prémio L'Oreal Brandstorm para os alunos de Marketing	Iscte		imagem	https://www.flickr.com/photos/iscteiul/52013834582/in/album-72177720298218822/					
2010-04-26	Primeiro doutoramento em Serviço Social, Jorge Ferreira	Iscte								
2010-04-12	Criação da Escola de Ciências Sociais e Humanas, de Escola de Sociologia e Políticas Públicas, de Tecnologias e Arquitetura e Escola de Gestão (IBS)	Iscte		imagem	https://www.flickr.com/photos/iscteiul/52014864536/in/album-72177720298218822/					
2010-02-20	Enxuradas na ilha da Madeira cerca de 50 mortos	Nacional		pagina_web	https://ensina.rtp.pt/artigo/o-filme-das-cheias-da-madeira/					
2010-02-01	Editora Mundos Sociais	Iscte			colocar foto, linha oculta					
2009-11-13	António Ramalho Eanes eleito presidente do Conselho de Curadores	Iscte								
2009-11-02	Início das atividades letivas Laboratório de Competências Transversais	Iscte								
2009-10-26	José António Vieira da Silva ministro da Economia da Inovação e Desenvolvimento 	Iscte								
2009-10-01	Inauguração da Sala Universia (descontinuada)	Iscte		imagem	https://www.flickr.com/photos/iscteiul/52014910778/in/album-72177720298218822/					
2009-09-30	Provedora do estudante Isabel Nicolau	Iscte		imagem	https://www.flickr.com/photos/iscteiul/52015112999/in/album-72177720298218822/					
2009-09-30	Provedora do estudante Isabel Nicolau	Iscte		pagina_web	https://dre.pt/dre/detalhe/despacho/5910-2011-965418					
2009-09-11	Carlos Lopes eleito presidente do Conselho Geral	Iscte		imagem	https://www.flickr.com/photos/iscteiul/52015377665/in/album-72177720298218822/					
2009-05-08	Nova orgânica: escolas, departamentos, unidades de investigação	Iscte								
2009-04-27	Passagem ao regime fundacional: ISCTE-IUL Instituto Universitário de Lisboa	Iscte	Decreto lei nº 95/2009 de 27 de Abril							
2009-02-18	Senado aprova mudança de imagem.	Iscte								
2009-01-16	Licenciatura em Serviço Social	Iscte		pagina_web	https://dre.pt/dre/detalhe/deliberacao/1393-2011-1437025					
2008-12-31	Remodelação do pavilhão interior (1870 m2)	Iscte								
2008-12-17	Certificação de Qualidade (ISO 9001:2008)	Iscte		imagem	https://www.flickr.com/photos/iscteiul/52014864901/in/album-72177720298218822/					
2008-10-31	Adesão à rede Eduroam	Iscte		imagem	https://www.flickr.com/photos/iscteiul/52015377870/in/album-72177720298218822/					
2008-10-17	Observatório das desigualdades	Nacional		pagina_web	https://www.observatorio-das-desigualdades.com/					
2008-09-01	Desmaterialização das inscrição dos estudantes	Iscte								
2008-08-21	Jogos Olímpicos, Pequim, ouro, Nélson Évora, triplo salto	Internacional		pagina_web	https://olympics.com/pt/video/nelson-evora-salta-para-o-ouro-na-pequim-2008					
2008-08-08	Licenciatura em Finanças e Contabilidade	Iscte		pagina_web	https://dre.pt/dre/detalhe/despacho/21650-2008-2646325					
2008-07-25	Centro em Rede de Investigação em Antropologia (CRIA)	Iscte								
2008-05-31	Desmaterialização do Inquérito de monitorização pedagógica (1º ciclo)	Iscte								
2008-05-07	Observatório da imigração	Nacional	migrações???	pagina_web	https://www.om.acm.gov.pt/					
2008-03-08	Manifestação nacional dos professores do ensino secundário	Nacional		pagina_web	https://www.dn.pt/arquivo/2008/um-momento-muito-delicado-para-o-ensino-e-para-o-governo-1003954.html					
2008-01-16	Evacuação das instalações após alarme por libertação de gás nas imediações	Iscte		imagem	https://www.flickr.com/photos/iscteiul/52015113379/in/album-72177720298218822/					
2008-01-07	Assembleia estatutária, preparação para o regime fundacional, com a presença do ministro Mariano Gago	Iscte		imagem	https://www.flickr.com/photos/iscteiul/52015377995/in/album-72177720298218822/					
2007-12-15	ISCTE 35 anos. Nascido para inovar	Iscte								
2007-11-05	Gabinete de Qualidade; Decreto-Lei n.º 369/2007​; Lei n.º 38/2007	Iscte								
2007-11-05	Agência de Avaliação e Acreditação do Ensino Superior (A3ES); Decreto lei 369/2007	Nacional		pagina_web	https://www.a3es.pt/pt/o-que-e-a3es/enquadramento-legal					
2007-09-10	Regime Jurídico das Instituições do Ensino Superior RJIES; Lei 62/2007	Nacional		pagina_web	https://dre.pt/dre/legislacao-consolidada/lei/2007-107985094					
2007-09-01	Automatização plena das inscrições do 1º ciclo	Iscte								
2007-08-01	Protocolo com a Universidade de Ciências e Tecnologia de Macau	Iscte								
2007-07-10	Acordo de cooperação técnico-financeiro ISCTE-OIT-IEFP-UGT-CGTP	Iscte								
2007-07-01	Acesso a residência universitária Prof. José Pinto Peixoto	Iscte								
2007-07-01	Desmaterialização da emissão dos diplomas	Iscte								
2007-05-31	Carlos Sá da Costa eleito presidente do Conselho Científico 	Iscte		imagem	https://www.flickr.com/photos/iscteiul/52263477545/in/album-72177720298218822/					
2007-03-19	Departamento de Arquitetura e Urbanismo	Iscte								
2007-02-15	Sílvia Silva eleita presidente do Conselho Pedagógico	Iscte		imagem	https://www.flickr.com/photos/iscteiul/52013834692/in/album-72177720298218822/					
2007-01-02	Lançamento de notas na plataforma Fénix	Iscte								
2007-01-01	UE: adesão da Bulgária e da Roménia	Internacional		video	https://www.youtube.com/watch?v=fdLlKdtsdfA					
2006-11-15	Adequações e criações de cursos ao modelo de Bolonha (3 licenciaturas, 32 mestrados, 1 mestrado integrado, 7 doutoramentos)	Iscte								
2006-10-19	Adesão a European University Association (EUA)	Internacional	??????????????							
2006-08-08	Constituição da Fundação ISCTE (prestadora de serviços)	Iscte								
2006-07-24	Licenciatura em Ciência Política	Iscte		pagina_web	https://dre.pt/dre/detalhe/deliberacao/1239-2006-1310299					
2006-06-14	Adesão a Associação das Universidades de Língua Portuguesa (AULP)	Internacional	??????????????							
2006-05-30	Integração na associação COLUMBUS	Internacional		pagina_web	https://sigarra.up.pt/up/pt/gps_participada_geral.participadas_emp_view?pct_id=53					
2006-05-15	Acesso à RTCS, Rede Ciência Tecnologia Sociedade (Internet)	Iscte								
2006-03-17	Departamento de Contabilidade	Iscte								
2006-03-17	Departamento de Finanças	Iscte								
2006-02-28	Adequações e criações de cursos ao modelo de Bolonha (15 licenciaturas, 25 mestrados, 4 doutoramentos)	Iscte								
2006-02-28	Raúl Hestnes Ferreira. Arquitetura e universidade. ISCTE, 1972-2005	Iscte								
2006-02-13	Doutoramento em Direito das Empresas (descontinuado), Maria Adelaide Croca	Iscte								
2005-07-27	Criação do AUDAX	Iscte								
2005-07-18	Protocolo com o Instituto Superior Técnico relativo ao Sistema FénixEDU	Iscte								
2005-06-13	Morte de Álvaro Cunhal, 1913-2005	Nacional		pagina_web	https://www.rtp.pt/noticias/pais/alvaro-cunhal-lider-historico-comunista-morreu-aos-91-anos_n11838					
2005-06-10	Ciberdúvidas alojado num servidor do ISCTE	Iscte								
2005-06-03	Integração no Conselho de Reitores da Universidades Portuguesas (CRUP)	Iscte		imagem	https://www.flickr.com/photos/iscteiul/52014864581/in/album-72177720298218822/					
2005-05-31	António Gomes Mota eleito presidente do INDEG	Iscte								
2005-04-30	Jorge Freitas Branco eleito presidente do Conselho Científico 	Iscte		imagem	https://www.flickr.com/photos/iscteiul/52263477575/in/album-72177720298218822/					
2005-04-30	Lançamento do Repositório institucional	Iscte		imagem	https://www.flickr.com/photos/iscteiul/52015377525/in/album-72177720298218822/					
2005-03-12	José António Vieira da Silva ministro do Trabalho e da Solidariedade Social	Iscte								
2005-03-12	Maria de Lurdes Rodrigues ministra da Eduação	Iscte								
2005-02-28	Luís Antero Reto eleito presidente 	Iscte								
2005-02-14	Plataforma Youtube	Internacional		video	https://www.youtube.com/watch?v=SWjBd0yWqeg					
2004-12-31	Adesão à plataforma DeGóis	Iscte		imagem	https://www.flickr.com/photos/iscteiul/52013834262/in/album-72177720298218822/					
2004-12-26	Terramoto e sismo submarinos no Índico: 230.000 mortos	Internacional		pagina_web	https://g1.globo.com/mundo/noticia/2018/12/23/tsunami-no-final-de-2004-matou-230-mil-veja-lista-dos-principais-desastres-no-mundo.ghtml					
2004-11-22	Protocolo para a Biblioteca Central de Estudos Africanos (BCEA)	Iscte		pagina_web	https://bcea.cei.iscte-iul.pt/2020/08/biblioteca-central-de-estudos-africanos/					
2004-11-19	Fim do serviço militar obrigatório (SMO)	Nacional		pagina_web	https://sol.sapo.pt/artigo/115226/lembra-se-do-servico-militar-obrigatorio-acabou-ha-dez-anos					
2004-07-06	Primeiro doutoramento em Métodos Quantativos, Maria Teresa Calapêz	Iscte								
2004-05-01	UE: adesão de Chipre, Eslováquia, Eslovénia, Estónia, Hungria, Letónia, Lituânia, Malta, Polónia, República checa	Internacional		pagina_web	https://eurocid.mne.gov.pt/eventos/adesao-uniao-europeia-da-chequia-do-chipre-da-eslovaquia-da-eslovenia-da-estonia-da-4					
2004-01-22	Licenciamento inicial da plataforma e-learning Blackboard	Iscte								
2003-10-28	Honoris Causa atribuído a Serge Moscovici ✝︎	Iscte								
2003-10-22	Declaração de Berlim sobre acesso aberto ao conhecimento nas ciências e humanidades	Internacional		pagina_web	https://repositorium.sdum.uminho.pt/about/DeclaracaoBerlim.htm					
2003-10-21	Greve nacional estudantil contra as propinas	Nacional		pagina_web	https://www.publico.pt/2003/10/21/portugal/noticia/greve-nacional-contra-as-propinas-mobiliza-alunos-de-todo-o-pais-1171834					
2003-09-22	Apresentação do Portuguese Journal of Social Science	Iscte								
2003-04-03	Resolução da AR nº 31/2003, medidas de enquadramento das praxes académicas	Nacional		documento	https://app.parlamento.pt/webutils/docs/doc.pdf?path=6148523063446f764c324679626d56304c334e706447567a4c306c595447566e4c305276593356745a57353062334e4259335270646d6c6b5957526c55474679624746745a573530595849764e7a4d795a6a5a6d4e6a59745a6a55354d5330304d54526d4c546b304d575174596a55784d6d45774d4446684d7a55314c6d527659773d3d&fich=732f6f66-f591-414f-941d-b512a001a355.doc&Inline=true					
2003-03-20	Segunda Guerra do Golfo	Internacional								
2003-01-27	Licenciatura em Engenharia informática	Iscte		pagina_web	https://dre.pt/dre/detalhe/deliberacao/627-2003-2385748					
2002-12-31	Praça central (2.315 m2)	Iscte								
2002-11-18	Primeiro doutoramento em Estudos Africanos, Vitor Hugo Nicolau	Iscte								
2002-06-01	Inauguração do edifício 2  (30.501 m2)	Iscte								
2002-06-01	Edifício II: Grande Auditório (497 lugares)	Iscte								
2002-05-17	Formalização do Centro de informática (CIISCTE)	Iscte								
2002-04-06	Luís Filipe Pereira ministro da Saúde	Iscte								
2002-04-01	Criada a Revista Portuguesa e Brasileira de Gestão (RPBG), que sucede à Revista Portuguesa de Gestão (RPG)	Iscte								
2002-02-27	Departamento de História	Iscte		pagina_web	https://dre.pt/dre/detalhe/despacho/9863-2002-3004898					
2002-02-14	XIV Governo aprova passagem do Iscte a Universidade Metropolitana (não homologado)	Iscte								
ERRO NO EVENTO!	Euro entra em circulação	ERRO NO EVENTO!		video	https://www.youtube.com/watch?v=p2x5Fj3xOHE					
2002-01-01	Criada a revista Trajectos, Revista de Comunicação, Cultura e Educação	Iscte								
2001-12-31	Criação do Departamento de Finanças	Iscte								
2001-10-07	Guerra do Afeganistão	Internacional								
2001-09-17	Criação do grupo de teatro mISCuTEm	Iscte		imagem	https://www.flickr.com/photos/iscteiul/52012208422/in/album-72177720298200772/					
2001-09-11	Atentado ao World Trade Center, Nova Iorque	Internacional		video	https://www.youtube.com/watch?v=qnYc-ZEp4Hg					
2001-09-11	Atentado ao World Trade Center, Nova Iorque	Internacional		video	https://www.youtube.com/watch?v=_t3k2WlLgOg					
2001-09-11	Atentado ao World Trade Center, Nova Iorque	Internacional		video	https://www.youtube.com/watch?v=EEogeIIOJzU					
2001-03-10	Eduardo Ferro Rodrigues ministro do Equipamento Social	Iscte								
2001-03-10	Eduardo Ferro Rodrigues ministro do Equipamento Social	Iscte								
2001-03-10	Paulo Pedroso ministro do Trabalho e da Solidariedade 	Iscte								
2000-08-03	Publicação dos estatutos ISCTE passa a escola superior não integrada	Iscte		imagem	https://www.flickr.com/photos/iscteiul/52013754560/in/album-72177720298200772/					
2000-08-03	Publicação dos estatutos ISCTE passa a escola superior não integrada	Iscte		pagina_web	https://dre.pt/dre/detalhe/despacho-normativo/37-2000-582415					
2000-03-29	Licenciatura em Marketing; Despacho n.º 6878/2000 - DR n.º 75/2000, Série 2 de 29 de Março	Iscte								
2000-01-01	Criada a revista Cidades, Comunidades e Territórios	Iscte		imagem	https://www.flickr.com/photos/iscteiul/52013482439/in/album-72177720298200772/					
1999-12-20	Transferência da soberania de Macau à China	Internacional		video	https://www.youtube.com/watch?v=iF0fOKQ-36w					
1999-09-08	Cordão humano por Timor-Leste	Nacional								
1999-09-02	Criação do Prémio Silva Leal	Iscte			falta o evento e o link					
2002-05-20	Independência de Timor Leste	Internacional		video	https://www.youtube.com/watch?v=ciMVbY3zSc0					
1999-08-19	Departamento de Psicologia Social e das Organizações	Iscte								
1999-06-19	Declaração de Bolonha EEES	Internacional		pagina_web	https://education.ec.europa.eu/pt-pt/education-levels/higher-education/inclusive-and-connected-higher-education/bologna-process					
1999-06-19	Declaração de Bolonha EEES	Internacional		video	https://www.youtube.com/watch?v=OsoBWLJuecM					
1999-03-12	Honoris Causa atribuído a Immanuel Wallerstein ✝︎	Iscte		imagem	https://www.flickr.com/photos/iscteiul/52013292598/in/album-72177720298200772/					
1999-03-12	Honoris Causa atribuído a Immanuel Wallerstein ✝︎	Iscte		imagem	https://www.flickr.com/photos/iscteiul/52013292648/in/album-72177720298200772/					
1999-01-02	Secção autónoma de Direito; Despacho nº 2399, Diário da República 2ª Série nº 1 de 2 de Janeiro	Iscte								
1998-12-31	O acervo da Biblioteca do Iscte é composto por cerca de 130 000 exemplares (monografias, obras de referência, teses e dissertações), 20 000 e-books e 67 000 periódicos, em suporte papel e digital	Iscte								
1998-10-08	Atribuição do prémio Nobel da Literatura a José Saramago	Internacional		video	https://www.youtube.com/watch?v=xhwl3ZwtXoY					
1998-10-08	Atribuição do prémio Nobel da Literatura a José Saramago	Internacional		video	https://www.youtube.com/watch?v=lWpM5A5lBMI					
1998-10-08	Atribuição do prémio Nobel da Literatura a José Saramago	Internacional		pagina_web	https://bndigital.bnportugal.gov.pt/2020/12/08/0-nosso-premio-nobel-da-literatura/#:~:text=A%208%20de%20outubro%20de,apreender%20continuamente%20uma%20realidade%20fugidia%C2%BB.					
1998-10-06	Primeiro doutoramento em Ciências e Tecnologias da Informação, Miguel Sales Dias	Iscte								
1998-09-03	Catálogo da biblioteca em linha	Iscte		imagem	https://www.flickr.com/photos/iscteiul/52013482289/in/album-72177720298200772/					
1998-07-29	Licenciatura em Arquitetura; Despacho n.º 13 051/98 - Diário da República n.º 173/1998, Série II de 1998-07-29	Iscte		imagem	https://www.flickr.com/photos/iscteiul/52013293018/in/album-72177720298200772/					
1998-07-21	Primeiro Doutoramento em Economia, Raúl Manuel Gonçalves Lopes	Iscte								
1998-05-22	Abertura da EXPO98, Lisboa	Internacional								
1998-03-23	Licenciatura em Engenharia de Telecomunicações e Informática; Despacho n.º 7772/98, de 23 de Março, publicado no Diário da República, 2.ª série, n.º 107, de 9 de Maio de 1998	Iscte								
1998-03-23	Licenciatura em Finanças; Despacho n.º 9675/98 - DR n.º 130/1998, Série 2 de 5 de Junho	Iscte								
1998-02-26	Guerra do Kosovo	Internacional		video	https://www.youtube.com/watch?v=o1XPEn_CU90					
1998-02-17	Departamento de Métodos Quantitativos	Iscte								
1997-12-15	25º aniversário (medalha)	Iscte		imagem	https://www.flickr.com/photos/iscteiul/52013292873/in/album-72177720298200772/					
1997-12-15	25º aniversário (medalha)	Iscte		imagem	https://www.flickr.com/photos/iscteiul/52012208227/in/album-72177720298200772/					
1997-12-15	25º aniversário (pisa papéis)	Iscte		imagem	https://www.flickr.com/photos/iscteiul/52013292928/in/album-72177720298200772/					
1997-12-15	25º aniversário (pisa papéis)	Iscte			https://www.flickr.com/photos/iscteiul/52013754725/in/album-72177720298200772/					
1997-11-25	Eduardo Ferro Rodrigues ministro do Trabalho e da Solidariedade	Nacional								
1997-11-25	Eduardo Ferro Rodrigues ministro do Trabalho e da Solidariedade	Nacional								
1997-10-02	Acordo de Schengen	Internacional		video	https://www.youtube.com/watch?v=4UXjsajT_EU					
1997-07-28	FCT; Decreto-Lei n.º 188/97, DR nº 172/1997, Série 1-A de 28 de Julho	Nacional								
1997-07-28	JNICT (1967-1997)	Nacional								
1997-05-30	Criada a revista Etnográfica	Iscte	Lançamento da revista Etnográfica	imagem	https://www.flickr.com/photos/iscteiul/52013753900/in/album-72177720298200772/					
1997-05-30	Criada a revista Etnográfica	Iscte	Lançamento da revista Etnográfica	imagem	https://www.flickr.com/photos/iscteiul/52013234696/in/album-72177720298200772/					
1997-05-30	Criada a revista Etnográfica	Iscte	Lançamento da revista Etnográfica	pagina_web	https://cria.org.pt/pt/etnografica					
1997-05-30	Criada a revista Etnográfica	Iscte	Lançamento da revista Etnográfica	imagem	https://www.flickr.com/photos/iscteiul/52013234716/in/album-72177720298200772/					
1996-12-13	João Freire eleito presidente do Conselho Científico	Iscte								
1996-12-13	Manuel Alberto Martins Ferreira eleito presidente do Conselho Diretivo	Iscte								
1996-10-13	Site ISCTE (1ª versão arquivada)	Iscte								
1996-08-02	Fernanda Ribeiro ganha ouro nos Jogos Olímpicos de Atlanta (10.000 m.)	Internacional		video	https://www.youtube.com/watch?v=IUDpi-Iw2k4					
1996-08-02	Fernanda Ribeiro ganha ouro nos Jogos Olímpicos de Atlanta (10.000 m.)	Internacional		video	https://www.youtube.com/watch?v=etIX65Iq7l4					
1996-06-30	Criada a Revista Economia Global e Gestão	Iscte		imagem	https://www.flickr.com/photos/iscteiul/52013481989/in/album-72177720298200772/					
1996-06-26	Licenciatura em Gestão de Recursos Humanos. Despacho n.º 13/96 - DR n.º 146/1996, Série2 de 26 de Junho	Iscte								
1996-04-30	Departamento de Ciências e Tecnologias de Informação	Iscte								
1996-03-28	Primeiro Doutoramento em História Social Contemporânea, Carlos Mauricio	Iscte								
1996-01-29	Licenciatura em História Moderna e Contemporânea; Despacho n.º 1/96 - Diário da República n.º 24/1996, Série II de 1996-01-29	Iscte								
1996-01-01	Associação dos antigos alunos do ISCTE (AAAISCTE)	Iscte		imagem	https://www.flickr.com/photos/iscteiul/52013754065/in/album-72177720298200772/					
1995-10-28	Eduardo Ferro Rodrigues ministro da Solidariedade e Segurança Social	Nacional								
1995-10-28	Maria João Rodrigues ministra da Qualificação e Emprego	Nacional								
1995-09-15	Inauguração da Ala Autónoma (5.183 m2)	Iscte		imagem	https://www.flickr.com/photos/iscteiul/52013293143/in/album-72177720298200772/					
1995-07-11	Licenciatura em Psicologia Social e Organizacional; Despacho 14/95 - DR n.º158/1995, Série 2 de 11 de Julho	Iscte								
1995-07-06	Ler História Associação de Actividades Científicas	Iscte								
1995-06-05	Adjudicação do traje académico	Iscte		imagem	https://www.flickr.com/photos/iscteiul/52013481869/in/album-72177720298200772/					
1995-06-05	Adjudicação do traje académico	Iscte		imagem	https://www.flickr.com/photos/iscteiul/52013481764/in/album-72177720298200772/					
1995-06-05	Adjudicação do traje académico	Iscte		imagem	https://www.flickr.com/photos/iscteiul/52013234661/in/album-72177720298200772/					
1995-06-05	Adjudicação do traje académico	Iscte		imagem	https://www.flickr.com/photos/iscteiul/52013234641/in/album-72177720298200772/					
1995-01-01	UE: adesão da Áustria, Finlândia e Suécia	Internacional		video	https://www.youtube.com/watch?v=Sm_kcMOLxY0					
1994-11-17	Primeiro Doutoramento em Organização e Gestão de Empresas OGE, Victor Roldão	Iscte		imagem	https://www.flickr.com/photos/iscteiul/52013754615/in/album-72177720298200772/					
1994-09-15	Inauguração do Pavilhão-esplanada (119 m2)	Iscte		imagem	https://www.flickr.com/photos/iscteiul/52013293113/in/album-72177720298200772/					
1994-09-15	Inauguração da Cave corpo sul (717 m2)	Iscte								
1994-07-05	Licenciatura em Economia. Despacho n.º 6/94, DR n.º 153/1994, Série 2 de 5 de Julho	Iscte								
1994-05-10	Nelson Mandela eleito presidente da África do Sul	Internacional		video	https://www.youtube.com/watch?v=Jg81Qn86K6g					
1994-04-07	Genocídio no Ruanda	Internacional		video	https://www.youtube.com/watch?v=CAJWeU6UusE					
1994-03-07	Primeiro Doutoramento em Psicologia Social e Organizacional, Maria Luísa Pedroso Lima	Iscte								
1994-02-14	Criação da Unidade de Investigação em Desenvolvimento Empresarial (UNIDE)	Iscte								
1994-02-14	Unidade de Investigação em Ciências Sociais (UNICS)	Iscte								
1994-01-01	Entrada em vigor do acordo ortográfico	Nacional								
1993-12-31	Atribuição de contas de e-mail à comunidade como alternativa ao fax nº +351217903059 e ao telex nº 62542ISCTE-P	Iscte								
1993-11-01	Tratado de Maastricht	Internacional		imagem	https://www.europarl.europa.eu/resources/library/images/20150220PHT24337/20150220PHT24337_original.jpg					
1993-11-01	Tratado de Maastricht	Internacional		pagina_web	https://www.europarl.europa.eu/about-parliament/pt/in-the-past/the-parliament-and-the-treaties/maastricht-treaty					
1993-09-30	Número de discentes: 3531	Iscte								
1993-09-15	General Meeting European Association Social Psicology no ISCTE	Iscte								
1993-07-20	Licenciatura em Gestão e Engenharia Industrial; Despacho n.º 23/93 - DR n.º 168/1993, Série 2 de 20 de Julho	Iscte								
1993-07-20	Licenciatura em Sociologia e Planeamento; Despacho n.º 22/93 - DR n.º 168/1993, Série 2 de 20 e Julho	Iscte								
1993-07-10	Fundação das Universidades Portuguesas	Nacional		pagina_web	https://pt.wikipedia.org/wiki/Lista_de_universidades_de_Portugal					
1993-06-11	Inauguração do Edifício do INDEG (30.153 m2)	Iscte		imagem	https://www.flickr.com/photos/iscteiul/52013234411/in/album-72177720298200772/					
1993-03-30	Sociologia Problemas e Práticas nº 13: Dossiê ISCTE Os primeiros 20 anos	Iscte								
1992-12-15	20º aniversário (medalha)	Iscte		imagem	https://www.flickr.com/photos/iscteiul/52013292963/in/album-72177720298200772/					
1992-10-08	Primeiro mestre em Sociologia, Luís Capucha	Iscte								
1992-10-06	SIC: primeiro canal televisivo privado	Nacional		video	https://www.youtube.com/watch?v=MAxCTFlYzKI					
1992-10-06	SIC: primeiro canal televisivo privado	Nacional		imagem	https://sic.pt/wp-content/uploads/2022/01/sic.png					
1992-10-06	SIC: primeiro canal televisivo privado	Nacional		pagina_web	https://sicnoticias.pt/especiais/sic-25-anos/2017-09-29-Primeiro-canal-de-televisao-privado-nasceu-ha-25-anos	Tratado de Maastricht	Internacional		pagina_web	https://www.europarl.europa.eu/about-parliament/pt/in-the-past/the-parliament-and-the-treaties/maastricht-treaty
1992-06-03	ECO-92, Rio de Janeiro	Internacional		video	https://www.youtube.com/watch?v=N7ugHqgBEDsa					
1992-06-03	ECO-92, Rio de Janeiro	Internacional		pagina_web	http://www.cronologiadourbanismo.ufba.br/apresentacao.php?idVerbete=1591					
1992-06-03	ECO-92, Rio de Janeiro	Internacional		pagina_web	https://www.politize.com.br/eco-92/					
1992-04-08	João Ferreira de Almeida eleito presidente 	Iscte								
1992-01-02	Acesso à Internet	Iscte								
1992-01-01	Criada a Revista Portuguesa de Gestão	Iscte								
1991-12-19	Primeiro mestre em Ciências Empresariais, João António Martins Tavares, estudante nº 6962	Iscte								
1991-12-16	Centro de Investigação e de Intervenção Social (CIS)	Iscte		imagem	https://www.flickr.com/photos/iscteiul/51971105743/in/album-72177720297729830/					
1991-12-26	Fim da URSS	Internacional		video	https://www.youtube.com/watch?v=4eq30dGYl0U					
1991-10-28	Criam-se os primeiros três departamentos: Antropologia, Gestão e Sociologia	Iscte		imagem	https://www.flickr.com/photos/iscteiul/51971033951/in/album-72177720297729830/					
1991-07-19	Associação dos Diplomados no Programa Doutoral em Ciências de Gestão do Iscte (APDG-ISCTE)	Iscte								
1991-05-14	Primeiro McDonald's em Portugal	Nacional		pagina_web	https://www.mcdonalds.pt/sobre-a-mcdonalds-portugal/historia-da-marca-em-portugal					
1991-05-14	Primeiro McDonald's em Portugal	Nacional		imagem	https://www.mcdonalds.pt/images/navigation/logo_1.gif					
1991-02-27	Centro de Estudos Territoriais (CET)	Iscte								
1990-12-07	Criação da Tuna académica	Iscte		imagem	https://www.flickr.com/photos/iscteiul/51971324069/in/album-72177720297729830/					
1990-11-26	Centro de Estudos Africanos ISCTE (CEA ISCTE)	Iscte								
1990-08-02	Primeira Guerra do Golfo	Internacional								
1990-03-23	Afonso de Barros eleito presidente 	Iscte								
1990-01-15	Maré negra na ilha do Porto Santo provocada pelo pretoleiro Aragón	Nacional		video	https://www.youtube.com/watch?v=VlwVkiDCnXU					
1990-01-04	Publicação dos Estatutos do ISCTE	Iscte	Despacho Normativo nº 11/90, de 7 de Fevereiro	imagem	https://www.flickr.com/photos/iscteiul/51971105863/in/album-72177720297729830/					
1989-11-09	Queda do Muro de Berlim	Internacional		video	https://www.youtube.com/watch?v=0YB9RfGOdIw					
1989-11-09	Queda do Muro de Berlim	Internacional		video	https://www.youtube.com/watch?v=zmRPP2WXX0U					
1989-11-02	Assembleia Extraordinária de Escola aprecia alterações jurídicas 	Iscte								
1989-07-25	Primeiro Doutoramento em Antropologia Social, José Fialho Feliciano	Iscte		imagem	https://www.flickr.com/photos/iscteiul/51971034116/in/album-72177720297729830/					
1989-07-12	Criação da Licenciatura em Informática e Gestão de Empresas	Iscte	Portaria n.º 536/89 - DR n.º 158/1989, Série 2 de 12 de Julho	imagem	https://dre.pt/dre/detalhe/portaria/536-1989-619571					
1989-06-03	Repressão pelo exército dos manifestantes na praça Tianamen, em Pequim	Internacional		video	https://www.youtube.com/watch?v=YeFzeNAHEhU					
1989-06-03	Repressão pelo exército dos manifestantes na praça Tianamen, em Pequim	Internacional		video	https://www.youtube.com/watch?v=4woMuFZAx88					
1989-04-14	Aprovação de símbolo institucional. Despacho 1/CD/89, DR nº. 127, 2ª Série de 3 de Junho	Iscte								
1989-04-11	Criação do Centro de Estudos sobre Mudanças Socioeconomicas (DINAMIA)	Iscte								
1988-11-18	GIESTA-ISCTE Grupo de Investigação em Estatística e Análise de Dados	Iscte								
1988-11-09	Constituição da Associação para o Desenvolvimento das Telecomunicações e Técnicas de Informática (ADETTI)	Iscte		imagem	https://www.flickr.com/photos/iscteiul/51971598560/in/album-72177720297729830/					
1988-11-02	Constituição da associação do INDEG	Iscte		imagem	https://www.flickr.com/photos/iscteiul/51971034186/in/album-72177720297729830/					
1988-09-30	Número de discentes: 2893	Iscte								
1988-09-24	Lei da autonomia universitária, Lei n.º 108/88, de 24 de setembro	Nacional								
1988-09-23	Rosa Mota ganha ouro olímpico na maratona de Seul	Internacional		video	https://www.youtube.com/watch?v=mrG2--oaANk					
1988-09-23	Rosa Mota ganha ouro olímpico na maratona de Seul	Internacional		video	https://www.youtube.com/watch?v=2eA5cWXIoA8					
1988-09-23	Rosa Mota ganha ouro olímpico na maratona de Seul	Internacional		imagem	https://img.olympicchannel.com/images/image/private/t_16-9_1240-700/f_auto/v1654715431/primary/fseaswn31qr9ujusmazx					
1988-09-23	Rosa Mota ganha ouro olímpico na maratona de Seul	Internacional		pagina_web	https://olympics.com/pt/noticias/medalhas-olimpicas-de-portugal-rosa-mota-a-primeira-portuguesa-campea-olimpica					
1988-09-23	Rosa Mota ganha ouro olímpico na maratona de Seul	Internacional		pagina_web	https://olympics.com/pt/video/mota-vence-a-maratona-em-seul-1988					
1988-08-25	Incêndio no Chiado, Lisboa	Nacional		video	https://www.youtube.com/watch?v=ZhBby-OBUVQ					
1988-08-25	Incêndio no Chiado, Lisboa	Nacional		video	https://www.youtube.com/watch?v=bSD9YqeZhVI					
1988-08-24	Constituição da Associação de Estudantes (atual AEISCTE-IUL)	Iscte		imagem	https://www.flickr.com/photos/iscteiul/51970031767/in/album-72177720297729830/					
1988-07-27	Mestrado em Ciências Empresariais	Iscte		imagem	https://www.flickr.com/photos/iscteiul/51970031922/in/album-72177720297729830/					
1988-07-27	Mestrado em Ciências Empresariais	Iscte		pagina_web	https://dre.pt/dre/detalhe/portaria/496-1988-378492					
1988-07-26	Mestrado em Sociologia	Iscte		imagem	https://docs.google.com/spreadsheets/d/1F8EqvOH6lH-XNWWUpkc7COcQitjm7KQQ/edit#gid=1583501620					
1988-07-26	Mestrado em Sociologia	Iscte		pagina_web	https://dre.pt/dre/detalhe/portaria/491-1988-378278					
1988-02-15	Retirada militar soviética do Afeganistão	Internacional		pagina_web	https://www.dw.com/pt-br/1989-tropas-sovi%C3%A9ticas-encerram-retirada-do-afeganist%C3%A3o/a-775852#:~:text=Em%2015%20de%20fevereiro%20de,quase%20dez%20anos%20de%20ocupa%C3%A7%C3%A3o.					
1987-12-16	JUSOECONOMIAE -Centro de estudos de direito de empresas da administração pública e das comunidades europeias	Iscte		imagem	https://www.flickr.com/photos/iscteiul/51971106423/in/album-72177720297729830/					
1987-06-15	Programa Erasmus (Manuel Marín, 1949-2017, entre os seus promotores europeus) 	Internacional								
1986-12-23	Criação da Fundação para o desenvolvimento dos meios nacionais de cálculo científico (FCCN)	Nacional								
1986-10-14	Lei de bases do sistema educativo	Nacional		pagina_web	https://www.pgdlisboa.pt/leis/lei_mostra_articulado.php?nid=1744&tabela=leis&so_miolo=					
1986-06-30	Criada a revista Sociologia, Problemas e Práticas	Iscte		imagem	https://www.flickr.com/photos/iscteiul/51971106468/in/album-72177720297729830/					
1986-06-09	Criação do Centro de Estudos de Antropologia Social (CEAS)	Iscte		imagem	https://www.flickr.com/photos/iscteiul/51971599155/in/album-72177720297729830/					
1986-04-26	Acidente nuclear na central de Chernobil, URSS	Internacional		video	https://www.youtube.com/watch?v=2uJhjqBz5Tk					
1986-01-01	Adesão de Portugal e Espanha à CEE	Internacional		video	https://www.youtube.com/watch?v=2o3Z0jUGE1A					
1986-01-01	Adesão de Portugal e Espanha à CEE	Internacional		video	https://www.youtube.com/watch?v=A7MgmDL1Ggw					
1985-09-02	Entrada em funcionamento da rede MB	Nacional								
1985-06-20	Criado pelo Ministério da Saúde o grupo de trabalho da SIDA	Nacional								
1985-06-19	Criação do Centro de Investigação e Estudos de Sociologia (CIES)	Iscte								
1985-01-01	Criada a Revista de Gestão	Iscte								
1984-11-22	Criação do Centro Interdisciplinar de Estudos Económicos (CIDEC)	Iscte								
1984-09-27	José Manuel Prostes da Fonseca eleito presidente do Conselho Diretivo	Iscte		imagem	https://www.flickr.com/photos/iscteiul/51971599230/in/album-72177720297729830/					
1984-08-12	Carlos Lopes ganha ouro olímpico na maratona de Los Angeles	Internacional		video	https://www.youtube.com/watch?v=0E3dAy4yM6g					
1984-08-12	Carlos Lopes ganha ouro olímpico na maratona de Los Angeles	Internacional		video	https://www.youtube.com/watch?v=r878QTiOrYY					
1984-08-12	Carlos Lopes ganha ouro olímpico na maratona de Los Angeles	Internacional		video	https://www.youtube.com/watch?v=7KjgvaAb1uE					
1984-07-18	Associação de Estudos de história contemporânea portuguesa	Iscte								
1984-05-29	Regime jurídico do pessoal não docente. Decreto Lei 184/84 de 29 de Maio;  https://dre.pt/dre/detalhe/decreto-lei/184-1984-384274	Iscte								
1983-12-20	Criada a revista Ler História	Iscte		imagem	https://www.flickr.com/photos/iscteiul/51970032427/in/album-72177720297729830/					
1983-04-29	Atribuição dos graus de mestre e doutor pelo Iscte através da Universidade Técnica de Lisboa (UTL)	Iscte								
1983-01-01	International Association for the Exchange of Students for Technical Experience (AIESTE)	Iscte			colocar foto					
1982-10-29	Criação da Licenciatura em Antropologia Social	Iscte		imagem	https://www.flickr.com/photos/iscteiul/51971325089/in/album-72177720297729830/					
1982-10-29	Criação da Licenciatura em Antropologia Social	Iscte		pagina_web	https://dre.pt/dre/detalhe/decreto/121-1982-378174					
1982-10-29	Licenciatura em Antropologia Social, Raúl Iturra	Iscte		imagem	https://www.flickr.com/photos/iscteiul/51971034996/in/album-72177720297729830/					
1982-09-30	Número de discentes: 2268	Iscte								
1982-07-01	Mário Murteira eleito presidente do Conselho Científico	Iscte		imagem	https://www.flickr.com/photos/iscteiul/51971035236/in/album-72177720297729830/					
1982-01-18	José Madureira Pinto primeiro doutorado pelo ISCTE (Sociologia)	Iscte		imagem	https://www.flickr.com/photos/iscteiul/51971325199/in/album-72177720297729830/					
1981-10-22	Criação do Centro de Estudos Africanos (CEA)	Iscte								
1981-04-29	Memorial O ISCTE e a Universidade (apresentado à DGES)	Iscte								
1981-04-07	Projeto ISCTE: Gestão Sociologia Tecnologia	Iscte								
1981-03-12	Negociações com a Universidade de Lisboa com vista à integração 	Iscte								
1981-01-01	UE: adesão da Grécia	Internacional		pagina_web	https://european-union.europa.eu/principles-countries-history/country-profiles/greece_pt					
1980-12-04	Morte de Francisco Sá Carneiro, 1934-1980	Nacional		video	https://www.youtube.com/watch?v=a5ASLrQDIkc					
1980-03-19	Eduardo Gomes Cardoso eleito presidente do Conselho Diretivo	Iscte								
1980-03-19	Francisco Pina Prata eleito presidente do Conselho Pedagógico	Iscte								
1980-03-07	Emissão regular de televisão a cores	Nacional								
1980-02-16	Naufrágio do navio Tollan no rio Tejo frente ao Terreiro do Paço, Lisboa. Seria removido a 2-12-1983	Nacional		video	https://arquivos.rtp.pt/conteudos/porta-contentores-tollan-afunda-no-rio-tejo/					
1980-01-01	Terramoto em Angra do Heroísmo	Nacional		video	https://www.youtube.com/watch?v=ff8Pw0uZgRA					
1979-12-05	Universidade Técnica de Lisboa rejeita integrar ISCTE	Iscte								
1979-11-13	Aprovação do Estatuto da Carreira Docente Universitária	Nacional	Decreto-Lei n.º 448/79. DR n.º 262/1979, Série I de 13 de Novembro		https://dre.pt/dre/detalhe/decreto-lei/448-367673					
1979-08-01	Adérito Sedas Nunes ministro da Cultura e da Ciência	Iscte								
1979-07-03	José Joaquim Laginha eleito presidente do Conselho Pedagógico	Iscte								
1979-05-02	Criação do Conselho de Reitores das Universidades Portuguesas (CRUP)	Nacional	Decreto-Lei de criação do CRUP	documento	https://files.dre.pt/1s/1979/05/10000/07820783.pdf					
1979-05-02	Criação do Conselho de Reitores das Universidades Portuguesas (CRUP)	Nacional	O CRUP atualmente	pagina_web	https://www.crup.pt/					
1979-04-26	Francisco Pina Prata eleito presidente do Conselho Diretivo	Iscte								
1978-12-31	Inauguração do Edifício1 (11.349 m2)	Iscte								
1978-12-06	Institucionalização do Numerus Clausus	Nacional								
1978-05-05	Adérito Sedas Nunes eleito presidente do Conselho Científico	Iscte								
1978-04-05	Licenciatura em Sociologia	Iscte		imagem	https://www.flickr.com/photos/iscteiul/51944519420/in/album-72177720297419006/					
1978-04-05	Licenciatura em Sociologia	Iscte		pagina_web	https://dre.pt/dre/detalhe/decreto-regulamentar/10-1978-446945					
1977-12-31	Mário Murteira eleito presidente do Conselho Pedagógico	Iscte								
1977-11-10	Desanexação da Universidade Nova de Lisboa	Iscte		imagem	https://www.flickr.com/photos/iscteiul/51944519450/in/album-72177720297419006/					
1977-11-10	Desanexação da Universidade Nova de Lisboa	Iscte		pagina_web	https://dre.pt/dre/detalhe/decreto-lei/463-a-1977-164638					
1977-09-30	Número de discentes: 1569	Iscte								
1977-05-03	José Joaquim Laginha eleito presidente do Conselho Diretivo	Iscte								
1976-12-31	Início da construção do Edifício I, atual Sedas Nunes	Iscte								
1976-07-09	Criação do Instituto Nacional de Investigação Científica (INIC)	Nacional	Decreto-Lei que cria o INIC	pagina_web	https://dre.pt/dre/detalhe/decreto/159-1976-431461					
1976-07-09	Criação do Instituto Nacional de Investigação Científica (INIC)	Nacional	Registo de Autoridade Arquivística	documento	https://act.fct.pt/wp-content/uploads/2014/05/RAA-INIC_Final.pdf					
1975-11-20	Espanha: Fim do regime franquista	Internacional		video	https://www.youtube.com/watch?v=vCidccM_HTw					
1975-11-11	Independência de Angola	Internacional		video	https://www.youtube.com/watch?v=s_VFp3pHGbI					
1975-08-01	Acordos de Helsínquia	Internacional		pagina_web	https://en.wikipedia.org/wiki/Helsinki_Accords					
1975-07-12	Independência de São Tomé e Príncipe	Internacional		video	https://www.youtube.com/watch?v=CsR3ddfcT18					
1975-06-25	Independência de Moçambique	Internacional		video	https://www.youtube.com/watch?v=IEDKT26ADCo					
1975-06-05	Independência de Cabo Verde	Internacional		video	https://www.youtube.com/watch?v=pCuLF458_gs					
1975-04-30	Rendição de Saigão. Fim da Guerra do Vietname	Internacional		video	https://www.youtube.com/watch?v=og6bi3cgf5g					
1975-03-26	Mário Murteira ministro do Planeamento e Coordenação Económica	Iscte								
1974-10-15	Ano letivo funciona em espaço alugado da Feira Popular de Lisboa	Iscte								
1974-09-30	Número de discentes: 879	Iscte								
1974-07-15	Grécia: Queda da ditadura dos Coronéis	Internacional		pagina_web	https://www.greeknewsagenda.gr/topics/politics-polity/7031-restoration-of-democracy					
1974-06-26	Protestos de estudantes do ISCTE por um controlo democrático do ensino	Iscte								
1974-05-28	Criação de um Conselho Diretivo	Iscte		imagem	https://www.flickr.com/photos/iscteiul/51942926402/in/album-72177720297419006/					
1974-05-28	Criação de um Conselho Diretivo	Iscte		pagina_web	https://dre.pt/dre/detalhe/decreto-lei/225-1974-622645					
1974-05-28	Criação de um Conselho Diretivo	Iscte		pagina_web	https://dre.pt/dre/detalhe/decreto-lei/225-1974-622645					
1974-05-16	Mário Murteira ministro dos Assuntos Sociais	Iscte								
1974-05-02	Eleição de uma Comissão Directiva	Iscte								
1974-05-02	Extinção do Conselho Escolar pela Assembleia plenária do ISCTE	Iscte								
1974-04-29	Exoneração dos reitores e vice-reitores das universidades, directores das faculdades, escolas ou institutos universitários	Nacional	Decreto-Lei nº 176/74, publicado no Diário do Governo n.º 100/1974, Série I de 1974-04-29.	pagina_web	https://dre.pt/dre/detalhe/decreto-lei/176-623176					
1974-04-27	Primeira reunião do Conselho Escolar pós golpe militar	Iscte								
1974-04-25	Portugal: Revolução dos Cravos	Nacional	Noticiário da RTP anunciando a revolução do 25 de Abril		https://www.youtube.com/watch?v=N-PS3V5Hrek					
1973-12-31	Henrique Martins de Carvalho nomeado diretor do Iscte	Iscte								
1973-09-30	Número de discentes: 942	Iscte								
1973-09-24	Guiné-Bissau: declaração unilateral de independência	Internacional		video	https://www.youtube.com/watch?v=QMkEYzvWe4M					
1973-09-11	Chile: Derrube do governo de Salvador Allende	Internacional		video	https://www.youtube.com/watch?v=ZHST-z3_COM					
1973-08-11	Integração do ISCTE na Universidade Nova de Lisboa	Iscte		imagem	https://www.flickr.com/photos/iscteiul/51943905306/in/album-72177720297419006/					
1973-08-11	Integração do ISCTE na Universidade Nova de Lisboa	Iscte		imagem	https://dre.pt/dre/detalhe/decreto-lei/402-1973-419197					
1973-02-03	Número de docentes: 12	Iscte								
1972-12-21	Matricula-se o estudante nº. 1 Abel dos Santos Alves	Iscte								
1972-12-15	Criação de cursos	Iscte		pagina_web	https://dre.pt/dre/detalhe/decreto-lei/520-1972-685446					
1972-12-15	Criação do ISCTE através do Decreto-lei nº522/72, de 15 de Dezembro	Iscte		imagem	https://www.flickr.com/photos/iscteiul/51943905401/in/album-72177720297419006/					
1972-12-15	Criação do ISCTE através do Decreto-lei nº522/72, de 15 de Dezembro	Iscte		pagina_web	https://dre.pt/dre/detalhe/decreto-lei/522-1972-685448					
1972-12-15	Criação do ISCTE através do Decreto-lei nº522/72, de 15 de Dezembro	Iscte		imagem	https://www.flickr.com/photos/iscteiul/51942926652/in/album-72177720297419006/					
1972-12-15	Instalações funcionam no Campo Grande 185	Iscte		imagem	https://www.flickr.com/photos/iscteiul/51944521770/in/album-72177720297419006/					
1972-12-15	Instalações funcionam no Campo Grande 185	Iscte		imagem	https://www.flickr.com/photos/iscteiul/51943990973/in/album-72177720297419006/					
1972-12-15	Instalações funcionam no Campo Grande 185	Iscte		pagina_web	https://dre.pt/dre/detalhe/decreto-lei/522-1972-685448					
1972-12-15	Licenciatura em Ciências do Trabalho	Iscte		pagina_web	https://dre.pt/dre/detalhe/decreto-lei/520-1972-685446					
1972-12-15	Licenciatura em Economia	Iscte		pagina_web	https://dre.pt/dre/detalhe/decreto-lei/520-1972-685446					
1972-12-15	Licenciatura em Organização e Gestão de Empresas (OGE)	Iscte		pagina_web	https://dre.pt/dre/detalhe/decreto-lei/520-1972-685446					
1972-01-22	CEE: adesão da Dinamarca, Irlanda e Reino Unido	Internacional		video	https://www.youtube.com/watch?v=GyTDpmi1eQY					