KEY	DATA	ACONTECIMENTO	ÂMBITO	#Fontes	Validado	Tópico 1 	Tópico 2	Tópico 3
1962100900	1962-10-09	Criação do Instituto de Estudos Sociais, com atividades de ensino, no Ministério das Corporações e Previdência Social	Iscte	1	TRUE			
1962123100	1962-12-31	Criação do Gabinete de Investigações Sociais, liderado por Adérito Sedas Nunes, neste ano	Iscte	1	TRUE			
1963013100	1963-01-31	Criada a Revista Análise Social, dirigida por Adérito Sedas Nunes	Nacional	1	TRUE			
1971010600	1971-01-06	Ministro da Educação José Veiga Simão anuncia a reforma da educação em Portugal	Nacional	1	TRUE			
1972121500	1972-12-15	Criação do ISCTE, na dependència da Direccão-Geral do Ensino Superior, integrando os alunos do Instituto de Estudos Sociais.	Iscte	1	TRUE	1972-1981		
1972121501	1972-12-15	Criação de licenciaturas em Organização e Gestão de Empresas e em Ciências do Trabalho no ISCTE, no quadro de uma reestruturação dos cursos lecionados nos então ISCEF e ISCPU. Os alunos  excedentários de um destes institutos podem ir para outros, sendo este o caso de Economia.	Iscte	1	TRUE	1972-1981	Ensino	Memória
1972121502	1972-12-15	Instalações funcionam no Campo Grande 185	Iscte	1	TRUE	1972-1981	Memória	
1972123100	1972-12-31	Número de estudantes (neste ano lectivo): 296, sendo 66 de Organização e Gestão de Empresas, 11 de Ciências do Trabalho e 219 de Economia	Iscte	1	TRUE	1972-1981		
1973010100	1973-01-01	CEE: adesão da Dinamarca, Irlanda e Reino Unido	Internacional	1	TRUE	1972-1981		
1973072500	1973-07-25	Publicação de "Lei de Bases do Sistema Educativo", também conhecida como Reforma Veiga Simão	Nacional	1	TRUE	1972-1981		
1973081100	1973-08-11	Criação da Universidade Nova de Lisboa, onde figura o ISCTE, bem como das Universidades do Minho, Aveiro e do Instituto Universitário de Évora	Iscte	1	TRUE	1972-1981		
1973091100	1973-09-11	Chile: derrube do governo de Salvador Allende por um golpe militar liderado por Pinochet	Internacional	1	TRUE	1972-1981		
1973092400	1973-09-24	Guiné-Bissau: declaração unilateral da independência pelo PAIGC 	Internacional	1	TRUE	1972-1981		
1974010100	1974-01-01	Henrique Martins de Carvalho é nomeado diretor do Iscte	Iscte	1	TRUE	1972-1981	Comunidade	Pessoas
1974042500	1974-04-25	Portugal: Revolução dos Cravos. Fim da ditadura	Nacional	1	TRUE	1972-1981		
1974042600	1974-04-26	Afirmação do movimento estudantil	Iscte	1	TRUE	1972-1981		
1974042900	1974-04-29	Exoneração dos reitores e vice-reitores das universidades, directores das faculdades, escolas ou institutos universitários	Nacional	1	TRUE	1972-1981	Comunidade	
1974042901	1974-04-29	Primeira reunião do Conselho Escolar após golpe militar	Iscte	1	TRUE	1972-1981		
1974050200	1974-05-02	Eleição de uma Comissão Directiva	Iscte	1	TRUE	1972-1981	Comunidade	
1974050201	1974-05-02	Extinção do Conselho Escolar pela Assembleia Plenária do ISCTE	Iscte	1	TRUE	1972-1981		
1974051600	1974-05-16	Mário Murteira, ministro dos Assuntos Sociais do I Governo Provisório	Iscte	1	TRUE	1972-1981	Comunidade	Pessoas
1974052800	1974-05-28	Criação de um Conselho Diretivo no ISCTE composto por docentes, estudantes e funcionários. Ratificada a Assembleia Plenária com grandes poderes	Iscte	2	TRUE	1972-1981	Comunidade	
1974071500	1974-07-15	Grécia: queda da ditadura dos Coronéis	Internacional	1	TRUE	1972-1981		
1974093000	1974-09-30	Número de estudantes: 879	Iscte	1	TRUE	1972-1981	Comunidade	
1974120400	1974-12-04	José Manuel Prostes da Fonseca, secretário de estado da Administração Escolar do III Governo Provisório	Nacional	1	TRUE	1972-1981		
1975022400	1975-02-24	Jorge Correia Jesuíno, ministro da Comunicação Social do III Governo Provisório	Iscte	1	TRUE	1972-1981		
1975032600	1975-03-26	Jorge Correia Jesuíno, ministro da Comunicação Social do IV Governo Provisório	Nacional	1	TRUE	1972-1981		
1975032601	1975-03-26	Mário Murteira, ministro do Planeamento e Coordenação Económica do IV Governo Provisório	Nacional	1	TRUE	1972-1981	Comunidade	Pessoas
1975043000	1975-04-30	Rendição de Saigão. Fim da Guerra do Vietname	Internacional	1	TRUE	1972-1981		
1975062500	1975-06-25	Independência de Moçambique	Internacional	1	TRUE	1972-1981		
1975063000	1975-06-30	Criação da Associação de Estudantes do ISCTE (AEISCTE) neste semestre	Iscte	1	TRUE	1972-1981		
1975070500	1975-07-05	Independência de Cabo Verde	Internacional	1	TRUE	1972-1981		
1975071200	1975-07-12	Independência de São Tomé e Príncipe	Internacional	1	TRUE	1972-1981		
1975080100	1975-08-01	 Acordos de Helsínquia	Internacional	1	TRUE	1972-1981		
1975080800	1975-08-08	Jorge Correia Jesuíno, ministro da Comunicação Social do V Governo Provisório	Nacional	1	TRUE	1972-1981		
1975080801	1975-08-08	Mário Murteira, ministro do Planeamento e Coordenação Económica do V Governo Provisório	Nacional	1	TRUE	1972-1981		
1975111100	1975-11-11	Independência de Angola	Internacional	1	TRUE	1972-1981		
1975112000	1975-11-20	Espanha: fim do regime franquista	Internacional	1	TRUE	1972-1981		
1975123100	1975-12-31	Criação do Centro de Estudos de História Contemporânea Portuguesa (CEHCP) neste ano	Iscte	1	TRUE	1972-1981		
1975123101	1975-12-31	Ano letivo funciona também em espaço alugado da Feira Popular de Lisboa	Iscte	1	TRUE	1972-1981		
1976070900	1976-07-09	Criação do Instituto Nacional de Investigação Científica (INIC)	Nacional	1	TRUE	1972-1981	Investigação	
1976093000	1976-09-30	Número de estudantes: 1930	Iscte	1	TRUE	1972-1981	Comunidade	
1976123100	1976-12-31	Início da construção do edifício I, atual edifício Sedas Nunes, neste ano	Iscte	1	TRUE	1972-1981	Campus	
1977050300	1977-05-03	José Joaquim Laginha é presidente do Conselho Diretivo (eleito)	Iscte	1	TRUE	1972-1981	Comunidade	Pessoas
1977050500	1977-05-05	Francisco Pina Prata é presidente do Conselho Científico (eleito)	Iscte	1	TRUE	1972-1981		
1977050501	1977-05-05	Mário Murteira é presidente do Conselho Pedagógico (eleito)	Iscte	1	TRUE	1972-1981		
1977111000	1977-11-10	Desanexação da Universidade Nova de Lisboa, ficando na dependência direta da Direção Geral do Ensino Superior	Iscte	1	TRUE	1972-1981		
1977123100	1977-12-31	Início da extinção da licenciatura em Economia neste ano	Iscte	1	TRUE	1972-1981		
1978040500	1978-04-05	Oficialização da Licenciatura em Sociologia e abertura da possibilidade de doutoramentos em Sociologia 	Iscte	1	TRUE	1972-1981		
1978050500	1978-05-05	Adérito Sedas Nunes é presidente do Conselho Científico (eleito)	Iscte	1	TRUE	1972-1981	Comunidade	Pessoas
1978070500	1978-07-05	José Joaquim Laginha é presidente do Conselho Diretivo (reeleito)	Iscte	1	TRUE	1972-1981		
1978093000	1978-09-30	Número de estudantes: 1871	Iscte	1	TRUE	1972-1981	Comunidade	
1978101400	1978-10-14	Institucionalização do Numerus Clausus	Nacional	1	TRUE	1972-1981	Comunidade	
1978123100	1978-12-31	Inauguração do Edifício1 (11.349 m2), atual edifício Sedas Nunes, neste ano	Iscte	1	TRUE	1972-1981	Campus	Infraestruturação
1979042600	1979-04-26	José Joaquim Laginha é presidente do Conselho Pedagógico (eleito)	Iscte	1	TRUE	1972-1981	Comunidade	Pessoas
1979042601	1979-04-26	Francisco Pina Prata é Presidente do Conselho Diretivo (eleito)	Iscte	1	TRUE	1972-1981		
1979050200	1979-05-02	Criação do Conselho de Reitores das Universidades Portuguesas (CRUP)	Nacional	2	TRUE	1972-1981		
1979070300	1979-07-03	Mário Murteira é presidente do Conselho Pedagógico (reeleito)	Iscte	1	TRUE	1972-1981		
1979080100	1979-08-01	Adérito Sedas Nunes, Ministro da Cultura e da Ciência do V Governo Constitucional	Nacional	1	TRUE	1972-1981		
1979111300	1979-11-13	Aprovação do Estatuto da Carreira Docente Universitária	Nacional	1	TRUE	1972-1981	Comunidade	
1980010100	1980-01-01	Terramoto em Angra do Heroísmo	Nacional	1	TRUE	1972-1981		
1980030700	1980-03-07	Emissão regular de televisão a cores	Nacional	2	TRUE	1972-1981		
1980031900	1980-03-19	Adérito Sedas Nunes permanece como presidente do Conselho Científico	Iscte	1	TRUE	1972-1981		
1980031901	1980-03-19	Eduardo Gomes Cardoso é presidente do Conselho Diretivo (eleito)	Iscte	1	TRUE	1972-1981	Comunidade	Pessoas
1980031902	1980-03-19	Francisco Pina Prata é presidente do Conselho Pedagógico (eleito)	Iscte	1	TRUE	1972-1981	Comunidade	Pessoas
1980093000	1980-09-30	Número de estudantes: 2058	Iscte	1	TRUE	1972-1981	Comunidade	
1980120400	1980-12-04	Morte de Francisco Sá Carneiro (1934-1980)	Nacional	1	TRUE	1972-1981		Pessoas
1981010100	1981-01-01	Entrada da Grécia na União Europeia	Internacional	1	TRUE	1972-1981		
1981040700	1981-04-07	Projeto ISCTE: Gestão, Sociologia,Tecnologia	Iscte	1	FALSE	1972-1981	Estatuto	Comunidade
1981042900	1981-04-29	Memorial "O ISCTE e a Universidade" (apresentado à Direcção Geral do Ensino Superior)	Iscte	1	FALSE	1972-1981	Estatuto	Identidade
1981052200	1981-05-22	José Joaquim Laginha é Presidente do Conselho Científico (eleito)	Iscte	1	TRUE	1972-1981		
1981073100	1981-07-31	Eduardo Gomes Cardoso é Presidente do Conselho Diretivo (reeleito)	Iscte	2	TRUE	1972-1981		
1981073101	1981-07-31	Mário Pinto é Presidente do Conselho Pedagógico (eleito)	Iscte	1	TRUE	1972-1981		
1981123100	1981-12-31	Criação do Centro de Estudos Africanos (CEA) neste ano	Iscte	1	TRUE	1972-1981	Investigação	
1981123101	1981-12-31	Negociações com a Universidade de Lisboa com vista à integração do ISCTE, ao longo do ano	Iscte	1	TRUE	1972-1981	Estatuto	
1982052000	1982-05-20	Aprovação das especialidades em que a Universidade Técnica, através do ISCTE, confere o grau de doutor em Sociologia	Iscte	1	TRUE	1982-1991		
1982070100	1982-07-01	Mário Pinto é Presidente do Conselho Pedagógico (reeleito)	Iscte	1	TRUE	1982-1991		
1982070101	1982-07-01	Eduardo Gomes Cardoso é Presidente do Conselho Diretivo (reeleito)	Iscte	2	TRUE	1982-1991		
1982102900	1982-10-29	Criação da Licenciatura em Antropologia Social	Iscte	1	TRUE	1982-1991	Ensino	
1983010100	1983-01-01	International Association for the Exchange of Students for Technical Experience (AIESTE)	Iscte	1	TRUE	1982-1991	Redes	
1983011800	1983-01-18	José Madureira Pinto primeiro doutorado no ISCTE (Sociologia)	Iscte	1	TRUE	1982-1991		
1983042900	1983-04-29	Criação dos doutoramentos em Organização e Gestão de Empresas, Sociologia e Antropologia Social através do ISCTE conferido spela Universidade Técnica de Lisboa	Iscte	1	TRUE	1982-1991		
1983042901	1983-04-29	Aberta a possibilidade de mestrados do ISCTE conferidos pela Universidade Técnica	Iscte	1	TRUE	1982-1991		
1983063000	1983-06-30	Carlos Caiano Pereira é Presidente do Conselho Directivo (eleito)	Iscte	1	TRUE	1982-1991		
1983063001	1983-06-30	Mário Murteira é Presidente do Conselho Científico (eleito)	Iscte	1	TRUE	1982-1991		
1983063002	1983-06-30	Mário Pinto é Presidente do Conselho Pedagógico (reeleito) 	Iscte	3	TRUE	1982-1991		
1983123100	1983-12-31	Criação da revista Ler História neste ano	Iscte	1	TRUE	1982-1991	Investigação	
1983123101	1983-12-31	Criação da Associação dos Antigos Alunos do ISCTE (AAAISCTE) neste ano	Iscte	1	TRUE	1982-1991		
1984052900	1984-05-29	Regime jurídico do pessoal não docente do ISCTE	Iscte	1	TRUE	1982-1991	Comunidade	
1984071800	1984-07-18	Criação da Associação de Estudos de História Contemporânea Portuguesa (Associação enquanto figurino organizativo para o CEHCP)	Iscte	1	TRUE	1982-1991	Investigação	Redes
1984073000	1984-07-30	José Manuel Prostes da Fonseca é presidente do Conselho Diretivo (eleito)	Iscte	1	TRUE	1982-1991	Comunidade	Pessoas
1984073001	1984-07-30	Mário Pinto é Presidente do Conselho Pedagógico (reeleito) 	Iscte	3	TRUE	1982-1991		
1984081200	1984-08-12	Carlos Lopes ganha medalha de ouro olímpica na maratona de Los Angeles	Nacional	3	TRUE	1982-1991		Pessoas
1984123100	1984-12-31	Criação do Centro Interdisciplinar de Estudos Económicos (CIDEC) neste ano	Iscte	1	TRUE	1982-1991		
1985053100	1985-05-31	José Manuel Prostes da Fonseca é Presidente do Conselho Diretivo (reeleito)	Iscte	4	TRUE	1982-1991		
1985053101	1985-05-31	Mário Pinto é Presidente do Conselho Pedagógico (reeleito) 	Iscte	3	TRUE	1982-1991		
1985061900	1985-06-19	Criação do Centro de Investigação e Estudos de Sociologia (CIES)	Iscte	1	TRUE	1982-1991	Investigação	Redes
1985062000	1985-06-20	Criado pelo Ministério da Saúde o grupo de trabalho da SIDA	Nacional	1	TRUE	1982-1991		
1985090200	1985-09-02	Entrada em funcionamento da Rede Multibanco (MB)	Nacional	1	TRUE	1982-1991		
1985092000	1985-09-20	João Ferreira de Almeida é Presidente do Conselho Científico (eleito)	Iscte	1	TRUE	1982-1991		
1985093000	1985-09-30	Número de estudantes: 2798	Iscte	1	TRUE	1982-1991	Comunidade	
1985123100	1985-12-31	Criação da Revista de Gestão neste ano	Iscte	1	TRUE	1982-1991	Investigação	
1986010100	1986-01-01	Adesão de Portugal e Espanha à CEE	Internacional	2	TRUE	1982-1991		
1986042600	1986-04-26	Acidente nuclear na central de Chernobil, Ucrânia, URSS	Internacional	1	TRUE	1982-1991		
1986052200	1986-05-22	João Ferreira de Almeida é Presidente do Conselho Científico (reeleito)	Iscte	2	TRUE	1982-1991		
1986052201	1986-05-22	José Manuel Prostes da Fonseca é Presidente do Conselho Diretivo (reeleito)	Iscte	4	TRUE	1982-1991		
1986052202	1986-05-22	António da Silva Leal é Presidente do Conselho Pedagógico (eleito)	Iscte	1	TRUE	1982-1991		
1986060900	1986-06-09	Criação do Centro de Estudos de Antropologia Social (CEAS)	Iscte	1	TRUE	1982-1991	Investigação	Redes
1986093000	1986-09-30	Criação do Doutoramento em Antropologia Social	Iscte	1	TRUE	1982-1991		
1986093001	1986-09-30	Criação do Doutoramento em Organização e Gestão de Empresas	Iscte	1	TRUE	1982-1991		
1986093002	1986-09-30	Criação do Doutoramento em Sociologia	Iscte	1	TRUE	1982-1991		
1986101400	1986-10-14	Lei de Bases do Sistema Educativo	Nacional	1	TRUE	1982-1991	Comunidade	
1986122300	1986-12-23	Criação da Fundação para o Desenvolvimento dos Meios Nacionais de Cálculo Científico (FCCN)	Nacional	1	TRUE	1982-1991	Comunidade	Infraestruturação
1986123100	1986-12-31	Criação da revista Sociologia. Problemas e Práticas neste ano	Iscte	1	TRUE	1982-1991	Investigação	
1987061500	1987-06-15	Criação do Programa Erasmus (entre os seus promotores europeus está Manuel Marín (1949-2017) 	Internacional	1	TRUE	1982-1991	Pessoas	Redes
1987062600	1987-06-26	José Manuel Prostes da Fonseca é Presidente do Conselho Diretivo (reeleito)	Iscte	4	TRUE	1982-1991		
1987062601	1987-06-26	João Ferreira de Almeida é Presidente do Conselho Científico (reeleito)	Iscte	2	TRUE	1982-1991		
1987062602	1987-06-26	António Silva Leal é Presidente do Conselho Pedagógico (eleito)	Iscte	1	TRUE	1982-1991		
1987121600	1987-12-16	Criação do JUSOECONOMIAE - Centro de Estudos de Direito de Empresas da Administração Pública e das Comunidades Europeias	Iscte	1	TRUE	1982-1991	Investigação	Redes
1988042700	1988-04-27	José Manuel Prostes da Fonseca é Presidente do Conselho Diretivo (reeleito)	Iscte	4	TRUE	1982-1991		
1988042701	1988-04-27	José Manuel Vaz é Presidente do Conselho Pedagógico (eleito)	Iscte	1	TRUE	1982-1991		
1988051700	1988-05-17	Afonso de Barros é Presidente do Conselho Científico (eleito)	Iscte	1	TRUE	1982-1991		
1988072600	1988-07-26	Criação do Mestrado em Sociologia	Iscte	1	TRUE	1982-1991	Ensino	
1988072700	1988-07-27	Criação do Mestrado em Ciências Empresariais	Iscte	2	TRUE	1982-1991	Ensino	
1988082500	1988-08-25	Um incêndio destrói parte do histórico quarteirão do Chiado, no centro de Lisboa	Nacional	2	TRUE	1982-1991		
1988092300	1988-09-23	Rosa Mota ganha medalha de ouro olímpica na maratona de Seul	Nacional	5	TRUE	1982-1991		Pessoas
1988092400	1988-09-24	Lei da Autonomia das Universidades	Nacional	1	TRUE	1982-1991	Comunidade	
1988110200	1988-11-02	Criação do Instituto para o Desenvolvimento da Gestão Empresarial (INDEG)	Iscte	1	TRUE	1982-1991	Prestação de Serviços	Comunidade
1988110900	1988-11-09	Criação da Associação para o Desenvolvimento das Telecomunicações e Técnicas de Informática (ADETTI)	Iscte	1	TRUE	1982-1991	Investigação	Redes
1988111800	1988-11-18	Criação do GIESTA-ISCTE Grupo de Investigação em Estatística e Análise de Dados	Iscte	1	TRUE	1982-1991	Investigação	Redes
1989040700	1989-04-07	Afonso de Barros é Presidente do Conselho Científico (reeleito)	Iscte	1	TRUE	1982-1991		
1989040701	1989-04-07	José Manuel Prostes da Fonseca é  Presidente do Conselho Diretivo (reeleito)	Iscte	1	TRUE	1982-1991		
1989041100	1989-04-11	Criação do Centro de Estudos sobre a Mudança Socioeconómica (DINAMIA)	Iscte	1	TRUE	1982-1991	Investigação	Redes
1989041400	1989-04-14	Aprovação de símbolo institucional do ISCTE. 	Iscte	1	FALSE	1982-1991	Identidade	Memória
1989050400	1989-05-04	Rogério Roque Amaro é Presidente do Conselho Pedagógico (eleito)	Iscte	1	TRUE	1982-1991		
1989060300	1989-06-03	Repressão pelo exército dos manifestantes na praça Tiananmen, em Pequim	Internacional	2	TRUE	1982-1991		
1989071200	1989-07-12	Criação da Licenciatura em Informática e Gestão de Empresas	Iscte	1	TRUE	1982-1991	Ensino	
1989072500	1989-07-25	Primeiro Doutoramento em Antropologia Social, José Fialho Feliciano	Iscte	1	TRUE	1982-1991	Memória	Pessoas
1989110900	1989-11-09	Derrube do Muro de Berlim	Internacional	2	TRUE	1982-1991		
1990020700	1990-02-07	Publicação dos Estatutos do ISCTE, que o consagra o como "estabelecimento de ensino superior universitário" com "unidades científicas e de ensino" em Antropologia Social, Ciências de Gestão e Sociologia	Iscte	2	TRUE	1982-1991		
1990032300	1990-03-23	Afonso de Barros é Presidente do ISCTE (eleito)	Iscte	1	TRUE	1982-1991		
1990032301	1990-03-23	Jorge Correia Jesuíno é Presidente do Conselho Científico (eleito)	Iscte	1	TRUE	1982-1991		
1990080200	1990-08-02	Primeira Guerra do Golfo	Internacional	1	TRUE	1982-1991		
1990093000	1990-09-30	Número de estudantes: 3172	Iscte	1	TRUE	1982-1991	Comunidade	
1990112600	1990-11-26	Criação do Centro de Estudos Africanos (CEA) com o figurino organizativo de Associação	Iscte	1	TRUE	1982-1991	Investigação	Redes
1990120700	1990-12-07	Criação da Tuna académica	Iscte	1	TRUE	1982-1991	Comunidade	
1991022700	1991-02-27	Criação do Centro de Estudos Territoriais (CET)	Iscte	1	TRUE	1982-1991	Investigação	Redes
1991051400	1991-05-14	Primeiro McDonald's em Portugal	Nacional	1	TRUE	1982-1991		
1991052200	1991-05-22	Acácio Magro é Presidente do Conselho Pedagógico (eleito)	Iscte	1	TRUE	1982-1991		
1991102800	1991-10-28	Criam-se os primeiros três departamentos: Antropologia, Gestão e Sociologia	Iscte	1	TRUE	1982-1991	Comunidade	Memória
1991111200	1991-11-12	Massacre de Santa Cruz, em Timor	Internacional	1	TRUE	1982-1991		
1991121600	1991-12-16	Criação do Centro de Investigação e de Intervenção Social (CIIS)	Iscte	1	TRUE	1982-1991	Investigação	Redes
1991121900	1991-12-19	Primeiro mestre em Ciências Empresariais, João António Martins Tavares	Iscte	1	FALSE	1982-1991	Memória	Pessoas
1991122600	1991-12-26	Fim da URSS	Internacional	1	TRUE	1982-1991		
1992010100	1992-01-01	Criada a Revista Portuguesa de Gestão	Iscte	1	TRUE	1992-2001	Investigação	
1992040800	1992-04-08	João Ferreira de Almeida é Presidente do ISCTE (eleito)	Iscte	1	TRUE	1992-2001		
1992060300	1992-06-03	ECO-92, Rio de Janeiro	Internacional	3	TRUE	1992-2001		
1992100600	1992-10-06	SIC: primeiro canal televisivo privado	Nacional	2	TRUE	1992-2001		
1992100800	1992-10-08	Primeiro mestre em Sociologia, Luís Capucha	Iscte	1	FALSE	1992-2001	Memória	Pessoas
1992121500	1992-12-15	Emissáo de medalha (20º aniversário)	Iscte	1	TRUE	1992-2001	Memória	Identidade
1992121501	1992-12-15	Publicação do Dossiê "20 anos do ISCTE  in "Sociologia Problemas e Práticas. "ISCTE: 20 anos a fazer universidade fora da academia" nº 13	Iscte	1	TRUE	1992-2001	Memória	Identidade
1992123100	1992-12-31	Acesso à Internet neste ano	Iscte	1	FALSE	1992-2001		
1992123101	1992-12-31	Criação do BRU- IUL nesse ano	Iscte	1	FALSE	1992-2001		
1993020100	1993-02-01	Criação do Doutoramento em Economia	Iscte	1	TRUE	1992-2001		
1993020101	1993-02-01	Criação do Doutoramento em História Social Contemporânea	Iscte	1	TRUE	1992-2001		
1993020102	1993-02-01	Criação do Doutoramento em Psicologia Social e Organizacional	Iscte	1	TRUE	1992-2001		
1993061100	1993-06-11	Inauguração do edifício do INDEG (3.038 m2)	Iscte	1	TRUE	1992-2001	Campus	
1993072000	1993-07-20	Criação da Licenciatura em Gestão e Engenharia Industrial	Iscte	1	TRUE	1992-2001	Ensino	
1993072001	1993-07-20	Criação da Licenciatura em Sociologia e Planeamento	Iscte	1	TRUE	1992-2001	Ensino	
1993110100	1993-11-01	Tratado de Maastricht	Internacional	2	TRUE	1992-2001		
1993123100	1993-12-31	Atribuição de contas de e-mail à comunidade como alternativa ao fax nº +351217903059 e ao telex nº 62542ISCTE-P	Iscte	1	FALSE	1992-2001	Infraestruturação	Campus
1994010100	1994-01-01	 Entrada em vigor do acordo ortográfico	Nacional	1	TRUE	1992-2001	Comunidade	
1994030700	1994-03-07	Primeiro Doutoramento em Psicologia Social e Organizacional, Maria Luísa Pedroso de Lima	Iscte	1	TRUE	1992-2001	Memória	Pessoas
1994040700	1994-04-07	Genocídio no Ruanda	Internacional	1	TRUE	1992-2001		
1994051000	1994-05-10	Nelson Mandela eleito presidente da África do Sul	Internacional	1	TRUE	1992-2001		
1994051200	1994-05-12	João Ferreira de Almeida é Presidente do ISCTE (reeleito)	Iscte	4	TRUE	1992-2001		
1994091500	1994-09-15	Inauguração da Cave Ala Sul (717 m2)	Iscte	1	TRUE	1992-2001	Campus	
1994091501	1994-09-15	Inauguração do Pavilhão-esplanada (119 m2)	Iscte	1	TRUE	1992-2001	Campus	
1994111700	1994-11-17	Primeiro Doutoramento em Organização e Gestão de Empresas, Victor Roldão	Iscte	1	TRUE	1992-2001	Memória	Pessoas
1994123100	1994-12-31	Criação da Unidade de Investigação em Desenvolvimento Empresarial (UNIDE) neste ano	Iscte	1	TRUE	1992-2001		
1994123101	1994-12-31	Criação da Unidade de Investigação em Ciências Sociais (UNICS) neste ano	Iscte	1	TRUE	1992-2001		
1995010100	1995-01-01	União Europeia: adesão da Áustria, Finlândia e Suécia	Internacional	1	TRUE	1992-2001		
1995040700	1995-04-07	Mário Leston Bandeira é Presidente do Conselho Pedagógico (eleito)	Iscte	1	TRUE	1992-2001		
1995060500	1995-06-05	Feitura do traje académico por Ana Salazar	Iscte	4	TRUE	1992-2001	Identidade	
1995071100	1995-07-11	Criação da Licenciatura em Psicologia na área da Psicologia Social e das Organizações	Iscte	1	TRUE	1992-2001	Ensino	
1995091500	1995-09-15	Inauguração da Ala Autónoma (5.183 m2)	Iscte	1	TRUE	1992-2001	Campus	
1995102800	1995-10-28	Eduardo Ferro Rodrigues, ministro da Solidariedade e Segurança Social	Iscte	1	TRUE	1992-2001	Comunidade	Pessoas
1995103000	1995-10-30	Maria João Rodrigues, ministra da Qualificação e Emprego	Nacional	1	TRUE	1992-2001	Comunidade	Pessoas
1996012800	1996-01-28	Primeiro Doutoramento em História Social Contemporânea, Carlos Coelho Mauricio	Iscte	1	TRUE	1992-2001	Memória	Pessoas
1996012900	1996-01-29	Criação da Licenciatura em História Moderna e Contemporânea	Iscte	1	TRUE	1992-2001	Ensino	
1996062600	1996-06-26	Criação da Licenciatura em Gestão de Recursos Humanos 	Iscte	1	TRUE	1992-2001	Ensino	
1996063000	1996-06-30	Criada a Revista Economia Global e Gestão neste ano	Iscte	1	TRUE	1992-2001	Investigação	
1996080200	1996-08-02	Fernanda Ribeiro ganha medalha de ouro olímpica nos 10000m em Atlanta	Nacional	2	TRUE	1992-2001		
1996082600	1996-08-26	Extinção da JNICT (1967-1996)	Nacional	1	TRUE	1992-2001		
1996101300	1996-10-13	Site do ISCTE (1ª versão arquivada)	Iscte	1	FALSE	1992-2001	Infraestruturação	
1996121300	1996-12-13	João Ferreira de Almeida é Presidente do ISCTE (reeleito)	Iscte	4	TRUE	1992-2001	Comunidade	Pessoas
1996121301	1996-12-13	João Freire é Presidente do Conselho Científico (eleito)	Iscte	1	TRUE	1992-2001		
1996121302	1996-12-13	Mário Leston Bandeira é Presidente do Conselho Pedagógico (reeleito)	Iscte	4	TRUE	1992-2001		
1996121303	1996-12-13	Manuel Alberto Ferreira é Presidente do Conselho Diretivo (eleito)	Iscte	1	TRUE	1992-2001		
1996123100	1996-12-31	Redinamização da Associação dos Antigos Alunos do ISCTE (AAAISCTE) neste ano	Iscte	1	TRUE	1992-2001	Comunidade	Redes
1997053000	1997-05-30	Criação da Etnográfica. Revista do Centro de Estudos de Antropologia Social	Iscte	4	TRUE	1992-2001	Investigação	
1997072800	1997-07-28	Aprovação da Lei Orgânica da Fundação para a Ciência e a Tecnologia (FCT)	Nacional	1	TRUE	1992-2001	Investigação	
1997100200	1997-10-02	Acordo de Schengen	Internacional	1	TRUE	1992-2001		
1997112500	1997-11-25	Eduardo Ferro Rodrigues, ministro do Trabalho e da Solidariedade	Iscte	1	TRUE	1992-2001	Comunidade	Pessoas
1997121500	1997-12-15	Emissão da medalha do 25º aniversário 	Iscte	2	TRUE	1992-2001	Memória	Identidade
1997121501	1997-12-15	Emissão de pisa-papéis do 25º aniversário	Iscte	2	TRUE	1992-2001	Memória	Identidade
1998022600	1998-02-26	Inicío do conflito do Kosovo, entre a República Federal da Jugoslávia e os guerrilheiros rebeldes do Kosovo	Internacional	1	TRUE	1992-2001		
1998032300	1998-03-23	Criação da Licenciatura em Engenharia de Telecomunicações e Informática	Iscte	1	TRUE	1992-2001	Ensino	
1998052200	1998-05-22	Abertura da EXPO98, Lisboa	Internacional	1	TRUE	1992-2001		
1998060500	1998-06-05	Criação da Licenciatura em Finanças	Iscte	1	TRUE	1992-2001		
1998063000	1998-06-30	Criação do Doutoramento em Estudos Africanos Interdisciplinares em Ciências Sociais	Iscte	1	TRUE	1992-2001		
1998063001	1998-06-30	Criação do Doutoramento em Ciências e Tecnologias da Informação	Iscte	1	TRUE	1992-2001		
1998072100	1998-07-21	Primeiro Doutoramento em Economia, Raúl Manuel Gonçalves Lopes	Iscte	1	TRUE	1992-2001	Memória	Pessoas
1998072900	1998-07-29	Criação da Licenciatura em Arquitetura	Iscte	1	TRUE	1992-2001	Ensino	
1998090300	1998-09-03	Está em linha o Catálogo da Biblioteca do ISCTE	Iscte	1	TRUE	1992-2001	Infraestruturação	
1998100600	1998-10-06	Primeiro Doutoramento em Ciências e Tecnologias da Informação, Miguel Sales Dias	Iscte	1	TRUE	1992-2001	Memória	Pessoas
1998100800	1998-10-08	Atribuição do Prémio Nobel da Literatura a José Saramago	Internacional	3	TRUE	1992-2001		
1999031200	1999-03-12	Doutoramento Honoris Causa atribuído a Immanuel Wallerstein ✝︎	Iscte	1	TRUE	1992-2001	Identidade	Pessoas
1999061900	1999-06-19	Declaração de Bolonha (Espaço Europeu de Educação Superior)	Internacional	2	TRUE	1992-2001		
1999070100	1999-07-01	João Ferreira de Almeida é Presidente do ISCTE (reeleito)	Iscte	4	TRUE	1992-2001		
1999070101	1999-07-01	Mário Leston Bandeira é Presidente do Conselho Pedagógico (reeleito)	Iscte	4	TRUE	1982-1991		
1999090800	1999-09-08	Realização do Cordão Humano por Timor-Leste, com participação da comunidade ISCTE	Nacional	1	TRUE	1992-2001	Comunidade	Pessoas
1999111400	1999-11-14	O acervo da Biblioteca contém cerca de 20.000 referências bibliográficas respeitantes aos documentos existentes	Iscte	1	TRUE	1992-2001		
1999122000	1999-12-20	Portugal e a República Popular da China concordam em passar Macau para a soberania chinesa, tornando-se numa Região Administrativa Especial	Internacional	1	TRUE	1992-2001		
1999123100	1999-12-31	Criação do Prémio Silva Leal neste ano	Iscte	1	TRUE	1992-2001	Memória	Comunidade
2000020200	2000-02-02	Criação da Licenciatura em Marketing	Iscte	1	TRUE	1992-2001		
2000080300	2000-08-03	Publicação dos novos Estatutos do ISCTE	Iscte	2	TRUE	1992-2001	Estatuto	
2000121200	2000-12-12	Vítor Roldão é Presidente do Conselho Científico (eleito)	Iscte	1	TRUE	1992-2001		
2000121500	2000-12-15	João Ferreira de Almeida é Presidente do ISCTE (reeleito)	Iscte	4	TRUE	1992-2001		
2000123100	2000-12-31	Criada a revista Cidades, Comunidades e Territórios neste ano	Iscte	1	TRUE	1992-2001	Investigação	
2001031000	2001-03-10	António Dornelas, Secretário de Estado do Trabalho e Formação	Nacional	1	TRUE	1992-2001		
2001031001	2001-03-10	Eduardo Ferro Rodrigues, ministro do Equipamento Social	Iscte	1	TRUE	1992-2001	Comunidade	Pessoas
2001031002	2001-03-10	Paulo Pedroso, ministro do Trabalho e da Solidariedade 	Iscte	1	TRUE	1992-2001	Comunidade	Pessoas
2001032000	2001-03-20	Criação do Doutoramento em Direito de Empresas	Iscte	1	TRUE	1992-2001		
2001091100	2001-09-11	Dois aviões de passageiros colidem com as torres World Trade Center, em Nova Iorque, provocando o seu desmoronamento. Um terceiro avião despenha-se sobre o edifício do Pentágono e um quarto cai em Somerset County, no estado da Pensilvânia	Internacional	3	TRUE	1992-2001		
2001091700	2001-09-17	Criação do grupo estudantil de teatro mISCuTEm	Iscte	1	TRUE	1992-2001	Comunidade	
2002010100	2002-01-01	Euro entra em circulação em Portugal	Internacional	1	TRUE	2002-2011		
2002040600	2002-04-06	Luís Filipe Pereira, ministro da Saúde	Iscte	1	TRUE	2002-2011	Comunidade	Pessoas
2002051700	2002-05-17	Formalização do Centro de informática (CIISCTE)	Iscte	1	FALSE	2002-2011	Infraestruturação	Campus
2002052000	2002-05-20	Independência de Timor Leste	Internacional	1	TRUE	2002-2011		
2002060100	2002-06-01	Edifício II: Inauguração do Grande Auditório (500 lugares)	Iscte	1	TRUE	2002-2011	Campus	
2002060101	2002-06-01	Entrada em funcionamento do Edifício II  (30.501 m2)	Iscte	1	TRUE	2002-2011	Campus	Infraestruturação
2002092500	2002-09-25	Criação do Doutoramento em Arquitetura e Urbanismo	Iscte	1	TRUE	2002-2011		
2002111800	2002-11-18	Primeiro doutoramento em Estudos Africanos Interdisciplinares em Ciências Sociais, Vitor Hugo Nicolau	Iscte	1	TRUE	2002-2011	Memória	Pessoas
2002112600	2002-11-26	Albino Lopes é Presidente do Conselho Científico (eleito)	Iscte	1	TRUE	2002-2011		
2002121900	2002-12-19	Mário Leston Bandeira é Presidente do Conselho Pedagógico (reeleito)	Iscte	4	TRUE	2002-2011		
2002123100	2002-12-31	Criada a revista Portuguese Journal of Social Science neste ano	Iscte	1	TRUE	2002-2011		
2002123101	2002-12-31	Criada a Revista Portuguesa e Brasileira de Gestão, que sucede à Revista Portuguesa de Gestão neste ano	Iscte	1	TRUE	2002-2011	Investigação	
2002123102	2002-12-31	Criada a revista Trajectos. Revista de Comunicação, Cultura e Educação neste ano	Iscte	1	TRUE	2002-2011	Investigação	
2002123103	2002-12-31	Negociações para a passagem do Iscte a Universidade Metropolitana (aprovada pelo XIV mas não homologada) neste ano	Iscte	1	TRUE	2002-2011		
2003011500	2003-01-15	Criação da Licenciatura em Engenharia Informática	Iscte	1	TRUE	2002-2011		
2003032000	2003-03-20	Segunda Guerra do Golfo	Internacional	1	TRUE	2002-2011		
2003042400	2003-04-24	Medidas de enquadramento das praxes académicas	Nacional	1	TRUE	2002-2011		
2003090500	2003-09-05	Criação do Doutoramento em Antropologia Urbana em associação com a Universidade Rovira i Virgili em Tarragona	Iscte	1	TRUE	2002-2011		
2003091500	2003-09-15	António Gomes Mota é presidente da Escola de Gestão (eleito)	Iscte	1	TRUE	2002-2011	Comunidade	Pessoas
2003102100	2003-10-21	Greve nacional estudantil contra as propinas	Nacional	1	TRUE	2002-2011		
2003102200	2003-10-22	Declaração de Berlim sobre acesso aberto ao conhecimento nas ciências e humanidades	Internacional	1	TRUE	2002-2011		
2003102800	2003-10-28	Doutoramento Honoris Causa atribuído a Serge Moscovici ✝︎	Iscte	1	TRUE	2002-2011	Identidade	Pessoas
2003123100	2003-12-31	Praça central (2.315 m2) fica pronta neste ano	Iscte	1	TRUE	2002-2011	Campus	
2004012200	2004-01-22	Licenciamento inicial da plataforma e-learning Blackboard	Iscte	1	FALSE	2002-2011	Ensino	Comunidade
2004050100	2004-05-01	União Europeia: adesão de Chipre, Eslováquia, Eslovénia, Estónia, Hungria, Letónia, Lituânia, Malta, Polónia, República Checa	Internacional	1	TRUE	2002-2011		
2004051800	2004-05-18	Criação do doutoramento em Demografia	Iscte	1	TRUE	2002-2011		
2004052100	2004-05-21	Criação do Doutoramento em Serviço Social, em associação com o Instituto Superior de Serviço Social de Lisboa	Iscte	1	TRUE	2002-2011		
2004070600	2004-07-06	Primeiro Doutoramento em Métodos Quantitativos, Maria Teresa Calapêz	Iscte	1	TRUE	2002-2011	Memória	Pessoas
2004111900	2004-11-19	Fim do serviço militar obrigatório	Nacional	1	TRUE	2002-2011		
2004112200	2004-11-22	Alojada na Biblioteca do ISCTE a antiga Biblioteca do Centro de Estudos Africanos	Iscte	1	TRUE	2002-2011	Infraestruturação	
2004121400	2004-12-14	Maria de Lurdes Rodrigues é Presidente do Conselho Científico (eleita)	Iscte	1	TRUE	2002-2011		
2004122600	2004-12-26	Terramoto e sismo submarinos no Índico: 230.000 mortos	Internacional	1	TRUE	2002-2011		
2004123100	2004-12-31	Adesão à plataforma DeGóis para a gestão curricular de investigadores neste ano	Iscte	1	FALSE	2002-2011		
2005021400	2005-02-14	Criação da plataforma Youtube	Internacional	1	TRUE	2002-2011		
2005021600	2005-02-16	Mário Leston Bandeira é Presidente do Conselho Pedagógico (reeleito)	Iscte	4	TRUE	2002-2011		
2005022800	2005-02-28	Luís Antero Reto é presidente do ISCTE (eleito)	Iscte	2	TRUE	2002-2011	Comunidade	Pessoas
2005031200	2005-03-12	José António Vieira da Silva, ministro do Trabalho e da Solidariedade Social	Iscte	1	TRUE	2002-2011	Comunidade	Pessoas
2005031201	2005-03-12	Maria de Lurdes Rodrigues, ministra da Educação	Iscte	1	TRUE	2002-2011	Comunidade	Pessoas
2005033100	2005-03-31	Criação do doutoramento em Gestão	Iscte	1	TRUE	2002-2011		
2005042600	2005-04-26	Jorge Freitas Branco é presidente do Conselho Científico (eleito)	Iscte	1	TRUE	2002-2011	Comunidade	Pessoas
2005060300	2005-06-03	Integração no Conselho de Reitores da Universidades Portuguesas (CRUP)	Iscte	0	FALSE	2002-2011	Estatuto	
2005061000	2005-06-10	 Ciberdúvidas alojado num servidor do ISCTE	Iscte	1	FALSE	2002-2011	Infraestruturação	
2005061300	2005-06-13	Morte de Álvaro Cunhal (1913-2005)	Nacional	1	TRUE	2002-2011		Pessoas
2005071800	2005-07-18	Protocolo com o Instituto Superior Técnico relativo ao Sistema FénixEDU	Iscte	1	FALSE	2002-2011	Infraestruturação	
2005123100	2005-12-31	Criação do AUDAX presidido por José Paulo Esperança neste ano	Iscte	1	TRUE	2002-2011	Prestação de Serviços	
2006021300	2006-02-13	Primeiro Doutoramento em Direito das Empresas (descontinuado), Maria Adelaide Croca	Iscte	1	TRUE	2002-2011	Memória	Pessoas
2006022800	2006-02-28	Publicação de "Arquitetura e Universidade - ISCTE" (Raul Hestnes Ferreira)	Iscte	1	TRUE	2002-2011	Memória	Pessoas
2006051500	2006-05-15	Acesso à RTCS, Rede Ciência Tecnologia Sociedade (Internet)	Iscte	1	FALSE	2002-2011	Infraestruturação	
2006061400	2006-06-14	 Adesão a Associação das Universidades de Língua Portuguesa (AULP)	Iscte	1	FALSE	2002-2011	Redes	
2006072400	2006-07-24	Criação da Licenciatura em Ciência Política	Iscte	1	TRUE	2002-2011	Ensino	
2006080800	2006-08-08	Constituição da Fundação ISCTE (prestadora de serviços)	Iscte	1	FALSE	2002-2011	Prestação de Serviços	
2006091900	2006-09-19	Criação do Doutoramento em Gestão Empresarial Aplicada	Iscte	1	TRUE	2002-2011		
2006102600	2006-10-26	Adesão a European University Association (EUA)	Iscte	1	FALSE	2002-2011	Redes	
2006103100	2006-10-31	Acesso público ao Repositório Instiitucional do ISCTE neste mês	Iscte	1	TRUE	2002-2011		
2007010100	2007-01-01	União Europeia: adesão da Bulgária e da Roménia	Internacional	1	TRUE	2002-2011		
2007010200	2007-01-02	Lançamento de notas na plataforma Fénix	Iscte	1	FALSE	2002-2011	Desmaterialização	Ensino
2007021500	2007-02-15	Sílvia Silva é presidente do Conselho Pedagógico (eleita)	Iscte	1	TRUE	2002-2011	Comunidade	
2007051500	2007-05-15	Carlos Sá da Costa é presidente do Conselho Científico (eleito)	Iscte	1	TRUE	2002-2011	Comunidade	Pessoas
2007070100	2007-07-01	Desmaterialização da emissão dos diplomas	Iscte	0	FALSE	2002-2011	Desmaterialização	Ensino
2007071000	2007-07-10	Acordo de cooperação técnico-financeiro ISCTE-OIT-IEFP-UGT-CGTP	Iscte	1	TRUE	2002-2011	Prestação de Serviços	
2007080100	2007-08-01	Protocolo com a Universidade de Ciências e Tecnologia de Macau	Iscte	1	FALSE	2002-2011	Redes	
2007090100	2007-09-01	Automatização plena das inscrições do 1º ciclo	Iscte	0	FALSE	2002-2011	Desmaterialização	Ensino
2007090101	2007-09-01	Os estudantes do ISCTE passam a poder alojar-se na residência universitária Prof. José Pinto Peixoto	Iscte	1	TRUE	2002-2011		
2007091000	2007-09-10	Novo Regime Jurídico das Instituições do Ensino Superior (RJIES)	Nacional	1	TRUE	2002-2011	Estatuto	
2007110500	2007-11-05	Criação da Agência de Avaliação e Acreditação do Ensino Superior (A3ES)	Nacional	1	TRUE	2002-2011		
2007121500	2007-12-15	Publicação de "ISCTE 35 anos. Nascido para inovar" (organizado por Carlos Oliveira Santos, Luísa Tiago de Oliveira e Jorge Freitas Branco)	Iscte	1	TRUE	2002-2011	Memória	
2007123100	2007-12-31	Criação do Centro em Rede de Investigação em Antropologia (CRIA) neste ano	Iscte	1	TRUE	2002-2011	Investigação	Redes
2007123101	2007-12-31	Criação do Gabinete de Avaliação e Qualidade do Ensino neste ano	Iscte	1	TRUE	2002-2011		
2008010700	2008-01-07	Eleição da Assembleia estatutária, destinada a decidir a passagem para o regime fundacional e a elaborar os novos estatutos no âmbito do Regime Jurídico das Instituições do Ensino Superior, com a presença do ministro Mariano Gago	Iscte	1	TRUE	2002-2011	Estatuto	
2008011600	2008-01-16	"O dia em que o ISCTE não explodiu"	Iscte	0	FALSE	2002-2011		
2008050700	2008-05-07	Criação do Observatório da Emigração	Nacional	1	TRUE	2002-2011	Prestação de Serviços	Comunidade
2008053100	2008-05-31	Desmaterialização do Inquérito de monitorização pedagógica (1º ciclo)	Iscte	1	FALSE	2002-2011	Desmaterialização	Ensino
2008073100	2008-07-31	Neste ano e no anterior, tinham sido adequados ao modelo de Bolonha 14 cursos de licenciaturas, 27 mestrados e 6 doutoramentos	Iscte	1	TRUE	2002-2011		
2008080800	2008-08-08	Criação da Licenciatura em Finanças e Contabilidade (fusão da Licenciatura em Finanças e da Licenciatura em Contabilidade)	Iscte	1	TRUE	2002-2011	Ensino	
2008082100	2008-08-21	Nelson Évora ganha medalha de ouro olímpica em Pequim	Nacional	1	TRUE	2002-2011		
2008090100	2008-09-01	Desmaterialização das inscrição dos estudantes	Iscte	1	FALSE	2002-2011	Desmaterialização	Ensino
2008102900	2008-10-29	Criação do Programa Interuniversitário de Doutoramento em História, em associação com a Universidade de Lisboa (Instituto de Ciências Sociais e Faculdade de Letras), a Universidade de èvora e a Universidade Católica	Iscte	1	TRUE	2002-2011		
2008103100	2008-10-31	Adesão à rede Eduroam	Iscte	1	FALSE	2002-2011	Infraestruturação	Campus
2008123100	2008-12-31	Criação do Observatório das Desigualdades neste ano	Nacional	1	TRUE	2002-2011	Prestação de Serviços	Comunidade
2008123101	2008-12-31	Remodelação do pátio interior (1870 m2) do Edifício Sedas Nunes neste ano	Iscte	1	TRUE	2002-2011	Estatuto	
2008123102	2008-12-31	Certificação de Qualidade (ISO 9001:2008) neste ano	Iscte	1	TRUE	2002-2011		
2009021800	2009-02-18	 Senado aprova mudança de imagem	Iscte	1	FALSE	2002-2011	Identidade	
2009042300	2009-04-23	Criação do Doutoramento em História, Defesa e Relações Internacionais, em associação com a Academia Militar	Iscte	1	TRUE	2002-2011		
2009042700	2009-04-27	Instituição da Fundação ISCTE-Instituto Universitário de Lisboa (ISCTE-IUL)	Iscte	1	TRUE	2002-2011	Identidade	Estatuto
2009050800	2009-05-08	Publicação dos Estatutos da Fundação ISCTE-IUL. Consagrados nesta orgânica os Departamentos (Antropologia, Arquitetura, Ciências de Gestão, Ciências de Tecnologias e Informação, Contabilidade, Economia, Finanças, História, Métodos Quantitativos, Psicologia Social e das Organizações e Sociologia e Secção Autónoma de Direito), as Unidades de investigação (Associação para o desenvolvimento das telecomunicações e Técnicas de Informáticas, Centro de Estudos Africanos, Centro de Estudos de Antropologia Social, Centro de Estudos de História Contemporânea Portuguesa, Centro de EStudos Territoriais, Centro de Investigação e Estudos de Sociologia, Centro de Investigação e Intervenção Social, DINAMIA - Centro de Estudos sobre a Mudança Socioeconómica, delegação no ISCTE-IUL do Instituto de Telecomunicações) e Escola de Gestão	Iscte	1	TRUE	2002-2011	Comunidade	
2009070200	2009-07-02	 Criada a área de Competências Transversais da qual virá a ser responsável o Laboratório de Línguas e Competências Transversais	Iscte	1	TRUE	2002-2011		
2009091100	2009-09-11	Carlos Lopes é eleito presidente do Conselho Geral	Iscte	1	TRUE	2002-2011	Comunidade	Pessoas
2009102600	2009-10-26	José António Vieira da Silva, ministro da Economia da Inovação e Desenvolvimento 	Iscte	1	TRUE	2002-2011	Comunidade	Pessoas
2009110600	2009-11-06	Luís Antero Reto é eleito Reitor 	Iscte	1	TRUE	2002-2011		
2009111300	2009-11-13	António Ramalho Eanes é eleito presidente do Conselho de Curadores 	Iscte	1	TRUE	2002-2011	Comunidade	Pessoas
2010022000	2010-02-20	Enxurradas na ilha da Madeira (cerca de 50 mortos)	Nacional	1	TRUE	2002-2011		
2010042600	2010-04-26	Primeiro doutoramento em Serviço Social, Jorge Ferreira	Iscte	1	TRUE	2002-2011	Memória	Pessoas
2010061800	2010-06-18	Criação da Escola de Ciências Sociais e Humanas (ECSH), de Escola de Sociologia e Políticas Públicas (ESPP), da Escola de Tecnologias e Arquitetura (ISTA) e da Escola de Gestão (IBS)	Iscte	1	TRUE	2002-2011		
2010070100	2010-07-01	António Gomes Mota é diretor da Escola de Gestão (IBS)	Iscte	1	TRUE	2002-2011	Comunidade	Pessoas
2010070101	2010-07-01	Francisco Cercas é diretor da Escola de Tecnologias e Arquitetura (ISTA)	Iscte	1	TRUE	2002-2011	Comunidade	Pessoas
2010070102	2010-07-01	Luísa Lima é Diretora da Escola de Ciências Sociais e Humanas (ECSH) 	Iscte	1	TRUE	2002-2011		
2010070103	2010-07-01	Juan Mozzicafreddo (✝︎) é diretor da Escola de Sociologia e Políticas Públicas (ESPP) 	Iscte	1	TRUE	2002-2011	Comunidade	Pessoas
2010090100	2010-09-01	Desmaterialização dos sumários das aulas	Iscte	1	FALSE	2002-2011	Desmaterialização	Ensino
2010093000	2010-09-30	Número de estudantes: 9542	Iscte	1	TRUE	2002-2011	Comunidade	
2010110200	2010-11-02	Consagrada na nova orgânica os departamentos (Antropologia, Arquitetura e Urbanismo, Ciência Política e Políticas Públicas, Ciências e Tecnologias da Informação, Contabilidade, Economia, Economia Política, Finanças, História, Marketing Operações e Gestão Geral, Métodos de Pesquisa Social, Métodos Quantitativos, Psicologia Social e das Organizações, Recursos Humanos e Comportamento Organizacional e Sociologia), as Unidades de Investigação (Centro de EStudos Africanos, Centro de Estudos de História Contemporânea, Centro de Estudos sobre a Mudança Socioeconómica e o Território, Centro de Investigação e Intervenção Social, Centro de Investigação e Estudos de Sociologia, Centro de Investigação em Sistemas e Tecnologias de Informação Avançados e Pólo do ISCTE do Centro em Rede em Investigação em Antropologia e Unidade de Investigação e Desenvolvimento Empresarial) e as Escolas (Escola de Ciências Sociais e Humanas, Escola de Gestão, Escola de Sociologia e Políticas Públicas, Escola de Tecnologias e Arquitetura)	Iscte	1	TRUE	2002-2011	Comunidade	
2010110201	2010-11-02	Regulamento de Avaliação de Desempenho dos Docentes do ISCTE-IUL	Iscte	1	TRUE	2002-2011	Comunidade	
2010123100	2010-12-31	Criação da Editora Mundos Sociais neste ano	Iscte	1	TRUE	2002-2011	Prestação de Serviços	Investigação
2011011800	2011-01-18	Susana Fonseca é presidente do Conselho Pedagógico (eleita)	Iscte	1	TRUE	2002-2011	Comunidade	Pessoas
2011030100	2011-03-01	Automatização plena das inscrições do 2º ciclo	Iscte	1	FALSE	2002-2011	Desmaterialização	Ensino
2011031100	2011-03-11	Acidente nuclear na central de Fukushima, Japão	Internacional	1	TRUE	2002-2011		
2011032000	2011-03-20	Doutoramento Honoris Causa atribuído a Wei Zhao na Academia de Ciências de Lisboa (pelo ISCTE em associação com UTL, Porto, NOVA, Aveiro, Minho, Évora, Açores, Algarve, UTAD, UBI, Madeira)	Iscte	1	TRUE	2002-2011	Identidade	Pessoas
2011032100	2011-03-21	Isabel Vieira Nicolau, Provedora do Estudante	Iscte	1	TRUE	2002-2011		
2011040600	2011-04-06	Troika foi chamada a Portugal	Nacional	1	TRUE	2002-2011		
2011041500	2011-04-15	Elaboração do Regulamento da Comissão de Ética do ISCTE-IUL	Iscte	1	TRUE	2002-2011	Comunidade	
2011042700	2011-04-27	Doutoramento Honoris Causa atribuído a André Jordan	Iscte	1	TRUE	2002-2011	Identidade	Pessoas
2011042701	2011-04-27	Doutoramento Honoris Causa atribuído a José Veiga Simão ✝︎	Iscte	1	TRUE	2002-2011	Identidade	Pessoas
2011051600	2011-05-16	Conselho Geral extingue a Fundação ISCTE	Iscte	1	FALSE	2002-2011	Prestação de Serviços	
2011051700	2011-05-17	Assinatura do Memorando de Entendimento entre a "Troika" e Portugal	Nacional	1	TRUE	2002-2011		
2011072700	2011-07-27	Criação do Doutoramento em Ciências da Complexidade, em associação com a Faculdade de Ciências da Universidade de Lisboa 	Iscte	1	TRUE	2002-2011		
2011080200	2011-08-02	Criação do Doutoramento em Contabilidade	Iscte	1	TRUE	2002-2011		
2011080900	2011-08-09	Criação do Doutoramento em Gestão e Desenvolvimento de Recursos Humanos	Iscte	1	TRUE	2002-2011		
2011080901	2011-08-09	Criação do Doutoramento em Finanças	Iscte	1	TRUE	2002-2011		
2011080902	2011-08-09	Criação do Doutoramento em Gestão de Operações e da Tecnologia	Iscte	1	TRUE	2002-2011		
2011081100	2011-08-11	Criação do Doutoramento em Métodos Quantitativos Aplicados	Iscte	1	TRUE	2002-2011		
2011081101	2011-08-11	Criação do Doutoramento em Métodos Quantitativos	Iscte	1	TRUE	2002-2011		
2011081102	2011-08-11	Criação do Doutoramento em Políticas Públicas	Iscte	1	TRUE	2002-2011		
2011081103	2011-08-11	Criação do Doutoramento em Marketing	Iscte	1	TRUE	2002-2011		
2011081200	2011-08-12	Criação do Doutoramento em Gestão Geral, Estratégia e Desenvolvimento Empresarial	Iscte	1	TRUE	2002-2011		
2011090900	2011-09-09	Symposium Digital Fabricatio​n – a State of Art no ISCTE-IUL	Iscte	1	FALSE	2002-2011	Investigação	
2011091000	2011-09-10	Criação do Vitruvius FABLAB	Iscte	1	FALSE	2002-2011	Prestação de Serviços	Campus
2011110200	2011-11-02	Aprovação do Manual da Qualidade 	Iscte	1	TRUE	2002-2011	Comunidade	
2011123100	2011-12-31	Criação do Instituto para as Políticas Públicas e Sociais (IPPS- IUL) neste ano	Iscte	1	TRUE	2002-2011	Prestação de Serviços	
2011123101	2011-12-31	Criada a revista Portuguese Journal of Quantitative Methods neste ano	Iscte	1	TRUE	2002-2011		
2011123102	2011-12-31	Criação do Portal I-Meritus para a avaliação do desempenho dos docentes e dos investigadores; (https://i-meritus.iscte-iul.pt)	Iscte	1	TRUE	2012-2022		
2012011200	2012-01-12	Criação do Portal I-Meritus para a avaliação do desempenho dos docentes e dos investigadores; https://i-meritus.iscte-iul.pt	Iscte	0	FALSE	2012-2022	Comunidade	
2012011600	2012-01-16	Homologação da compra do edifício do Instituto da Mobilidade e dos Transportes Terrestres (IMTT)	Iscte	1	FALSE	2012-2022	Campus	Infraestruturação
2012052900	2012-05-29	Extinção da Fundação ISCTE (continua como IPPS)	Iscte	1	FALSE	2012-2022	Prestação de Serviços	
2012053100	2012-05-31	Desmaterialização do Inquérito de monitorização pedagógica (2º ciclo)	Iscte	1	FALSE	2012-2022	Desmaterialização	Ensino
2012060200	2012-06-02	Claque do ISCTE (500 participantes) no jogo da seleção portuguesa contra a seleção turca	Iscte	1	TRUE	2012-2022	Comunidade	
2012073000	2012-07-30	Criação do Doutoramento em Estudos Urbanos em associação com a Faculdade de Ciências e Humanas da Universidade Nova de Lisboa	Iscte	1	TRUE	2012-2022		
2012073100	2012-07-31	Criação do Doutoramento em Ciência Política	Iscte	1	TRUE	2012-2022		
2012073101	2012-07-31	Criação do Doutoramento em Ciências da Comunicação	Iscte	1	TRUE	2012-2022		
2012091200	2012-09-12	Doutoramento Honoris Causa atribuído a Fernando Henrique Cardoso	Iscte	1	TRUE	2012-2022	Identidade	Pessoas
2012101200	2012-10-12	Doutoramento Honoris Causa atribuido a Manuel Marín ✝︎	Iscte	1	TRUE	2012-2022	Identidade	Pessoas
2012101300	2012-10-13	Manifestação popular "Que se lixe a Troika!"	Nacional	1	TRUE	2012-2022		
2012102600	2012-10-26	Jorge Barreto Xavier, Secretário de Estado da Cultura	Nacional	1	TRUE	2012-2022		
2012103100	2012-10-31	Criação do Departamento de Matemática	Iscte	1	TRUE	2002-2011	Comunidade	
2012103101	2012-10-31	Criação do Departamento de Métodos Quantitativos para Gestão e Economia (redenominação de Departamento de Métodos Quantitativos)	Iscte	1	TRUE	2002-2011	Comunidade	
2012112000	2012-11-20	Mohamed Azzim Gulamhussen é presidente da escola de Gestão (IBS)	Iscte	2	TRUE	2012-2022	Comunidade	Pessoas
2012112600	2012-11-26	Victor Franco é presidente do Conselho Científico (eleito)	Iscte	1	TRUE	2012-2022		
2012121500	2012-12-15	Comemoração dos 40 anos. Publicação do livro “Até onde nos leva o saber. Uma história dos 40 anos do ISCTE Instituto Universitário de Lisboa” (Carlos Oliveira Santos)	Iscte	1	TRUE	2012-2022	Memória	
2012121501	2012-12-15	Clube ISCTE institui o mural solidário	Iscte	1	TRUE	2012-2022		
2012121502	2012-12-15	Emissão da Medalha dos 40 anos	Iscte	1	TRUE	2012-2022	Memória	
2013020400	2013-02-04	Desmaterialização do registo da assiduidade e sumários (docente e discente)	Iscte	1	FALSE	2012-2022	Desmaterialização	Ensino
2013030600	2013-03-06	José Luís Saldanha eleito Presidente do Conselho Pedagógico	Iscte	1	TRUE	2012-2022	Comunidade	Pessoas
2013070100	2013-07-01	União Europeia: adesão da Croácia 	Internacional	1	TRUE	2012-2022		
2013070800	2013-07-08	Filipe Reis é diretor da Escola de Ciências Sociais e Humanas (ECSH)	Iscte	1	TRUE	2012-2022	Comunidade	Pessoas
2013071200	2013-07-12	Helena Carvalho é diretora da Escola de Sociologia e Políticas Públicas (ESPP)	Iscte	1	TRUE	2012-2022	Comunidade	Pessoas
2013080800	2013-08-08	Criação do Centro de Estudos Internacionais (CEI-IUL), ex-Centro de Estudos Africanos	Iscte	1	TRUE	2012-2022	Investigação	
2013091300	2013-09-13	Carlos Lopes é reeleito presidente do Conselho Geral	Iscte	1	TRUE	2012-2022	Comunidade	Pessoas
2013091800	2013-09-18	Ricardo Fonseca é diretor da Escola de Tecnologias e Arquitetura (ISTA)	Iscte	1	TRUE	2012-2022	Comunidade	Pessoas
2013100800	2013-10-08	José Manuel Rebelo é presidente do Conselho Científico (eleito)	Iscte	1	TRUE	2012-2022	Comunidade	Pessoas
2013110400	2013-11-04	Primeiro doutoramento em Gestão Empresarial Aplicada, no âmbito do acordo com a University of Electronic Sciences and Technology of China, Chengdu, China, Shen Jun	Iscte	1	TRUE	2012-2022	Redes	Investigação
2013111100	2013-11-11	Plataforma de gestão curricular de investigação Ciência-IUL	Iscte	2	FALSE	2012-2022	Infraestruturação	
2014030600	2014-03-06	Luís Antero Reto é Reitor (reeleito)	Iscte	1	TRUE	2012-2022		
2014031300	2014-03-13	Criação do Doutoramento em Estudos de Comunicação: Tecnologia, Cultura e Sociedade em Associação com a Universidade do Minho, a Cooperativa de Formação e Animação Cultural e a Universidade da Beira Interior	Iscte	1	TRUE	2012-2022		
2014031800	2014-03-18	Ocupação da Crimeia pela Federação Russa	Internacional	1	TRUE	2012-2022		
2014043000	2014-04-30	Medidas de combate a todas as formas de violência escolar	Nacional	1	TRUE	2012-2022		
2014060500	2014-06-05	Criação do ISTAR-IUL	Iscte	1	TRUE	2012-2022		
2014090100	2014-09-01	Inscrições on-line do 3º ciclo	Iscte	1	FALSE	2012-2022	Desmaterialização	Ensino
2014091100	2014-09-11	IULCOME: receção aos novos estudantes	Iscte	1	TRUE	2012-2022	Comunidade	Campus
2014121500	2014-12-15	Início de Intranet MyISCTE. https://intranet.iscte-iul.pt/user/login?destination=home	Iscte	1	FALSE	2012-2022	Infraestruturação	
2015010700	2015-01-07	Massacre de Charlie Hebdo em Paris	Internacional	1	TRUE	2012-2022		
2015020200	2015-02-02	Francisco Cercas é presidente do Conselho Científico (eleito)	Iscte	1	TRUE	2012-2022		
2015021100	2015-02-11	Certificação do Sistema Integrado de Garantia da Qualidade (SIGQ) pela A3ES (6 anos)	Iscte	1	TRUE	2012-2022	Ensino	
2015032600	2015-03-26	Maria Madalena Ramos é eleita presidente do Conselho Pedagógico	Iscte	1	TRUE	2012-2022	Comunidade	Pessoas
2015040900	2015-04-09	José Paulo Esperança é presidente da escola de Gestão (IBS)	Iscte	1	TRUE	2012-2022	Comunidade	Pessoas
2015053100	2015-05-31	Desmaterialização do Inquérito de monitorização pedagógica (3º ciclo)	Iscte	1	FALSE	2012-2022	Desmaterialização	Ensino
2015060900	2015-06-09	ISCTE é co-fundador da Associação das Universidades Portuguesas	Iscte	1	TRUE	2012-2022	Redes	
2015090600	2015-09-06	Política de acesso aberto do ISCTE	Iscte	1	TRUE	2012-2022	Infraestruturação	Investigação
2015091100	2015-09-11	Criação do Coro ISCTE, sendo Pedro Miguel o maestro	Iscte	2	TRUE	2012-2022	Comunidade	Pessoas
2015092200	2015-09-22	Carlos Santos Ferreira é eleito presidente do Conselho de Curadores 	Iscte	1	TRUE	2012-2022	Comunidade	Pessoas
2015092500	2015-09-25	Elaboração da Agenda 2030: objetivos de desenvolvimento sustentável	Internacional	1	TRUE	2012-2022		
2015093000	2015-09-30	Número de estudantes: 10646	Iscte	1	TRUE	2012-2022	Comunidade	
2015102300	2015-10-23	Eduardo Ferro Rodrigues eleito 14º Presidente da Assembleia da República	Nacional	1	TRUE	2012-2022	Comunidade	Pessoas
2015113000	2015-11-30	Cimeira sobre as alterações climáticas (COP21)	Internacional	1	TRUE	2012-2022		
2016022600	2016-02-26	 Reforço de medidas nacionais sobre a praxe académica	Nacional	1	TRUE	2012-2022	Comunidade	Campus
2016041200	2016-04-12	Eleição de primeira Comissão de Trabalhadores	Iscte	1	TRUE	2012-2022	Comunidade	
2016042200	2016-04-22	Acordo de Paris sobre alterações climáticas	Internacional	1	TRUE	2012-2022		
2016042700	2016-04-27	Homenagem ao general António Ramalho Eanes no 7º aniversário do regime fundacional	Iscte	1	TRUE	2012-2022	Pessoas	
2016053000	2016-05-30	Relatório de Atividades 2015	Iscte	1	TRUE	2012-2022	Comunidade	
2016071000	2016-07-10	Portugal sagra-se campeão europeu de futebol	Internacional	1	TRUE	2012-2022		
2016072000	2016-07-20	Filipe Reis é novamente diretor da Escola de Ciências Sociais e Humanas (ECSH)	Iscte	1	TRUE	2012-2022	Comunidade	Pessoas
2016072001	2016-07-20	Helena Carreiras é diretora da Escola de Sociologia e Políticas Públicas (ESPP)	Iscte	1	TRUE	2012-2022	Comunidade	Pessoas
2016092900	2016-09-29	Ricardo Fonseca é novamente diretor da Escola de Tecnologias e Arquitetura (ISTA)	Iscte	1	TRUE	2012-2022	Comunidade	Pessoas
2016121500	2016-12-15	Publicação de "ISCTE-IUL. Arquitetura e universidade. 2005-2015. Uma década de intervenções no campus" (João Baltazar)	Iscte	1	TRUE	2012-2022	Memória	Campus
2016123100	2016-12-31	Criada a Revista de Gestão dos Países de Língua Portuguesa, que sucede a Revista Portuguesa e Brasileira de Gestão neste ano	Iscte	1	TRUE	2012-2022	Investigação	
2016123101	2016-12-31	ISCTE consta pela primeira vez, neste ano, no ranking do The Times Higher Education	Iscte	1	TRUE	2012-2022	Identidade	
2016123102	2016-12-31	Publicação de "Ética na Investigação. Melhores práticas, melhor Ciência" neste ano	Iscte	2	TRUE	2012-2022	Comunidade	Investigação
2017010100	2017-01-01	António Guterres é eleito secretário-geral da ONU	Internacional	2	TRUE	2012-2022		
2017010700	2017-01-07	Morte de Mário Soares (1924-2017)	Nacional	1	TRUE	2012-2022		
2017010900	2017-01-09	Código de Conduta Académica (plágio)	Iscte	2	TRUE	2012-2022	Comunidade	
2017013100	2017-01-31	Publicação de "Praxe como fenómeno social. Relatório Final" (coordenado por João Teixeira Lopes e João Sebastião), estudo solicitado pela Direção Geral do Ensino Superior	Nacional	1	TRUE	2012-2022	Comunidade	
2017020100	2017-02-01	Assinatura eletrónica de pautas	Iscte	1	FALSE	2012-2022	Desmaterialização	Ensino
2017022400	2017-02-24	Francisco Cercas é presidente do Conselho Científico (reeleito)	Iscte	1	TRUE	2012-2022	Comunidade	Pessoas
2017031700	2017-03-17	Fernando Batista é presidente do Conselho Pedagógico (eleito)	Iscte	1	TRUE	2012-2022	Comunidade	Pessoas
2017031900	2017-03-19	Relatório de Atividades 2016	Iscte	0	FALSE	2012-2022	Comunidade	
2017051300	2017-05-13	Salvador Sobral vence o Festival Eurovisão da Canção	Nacional	1	TRUE	2012-2022	Pessoas	
2017061700	2017-06-17	Fogos florestais em Pedrógão Grande causam 66 mortos	Nacional	1	TRUE	2012-2022		
2017101500	2017-10-15	Fogos florestais na Zona Centro 	Nacional	1	TRUE	2012-2022		
2017112400	2017-11-24	"Retrato da investigação científica no ISCTE-IUL. Documento síntese do estudo realizado pela CEIC" (A. Benavente, P. Guibentif, M. E. Gonçalves, V. Rato, M. Santos, A. Velez) publicado pela Comissão especializada de investigação científica do Conselho Geral mandato 2013-17	Iscte	1	TRUE	2012-2022	Investigação	
2017121500	2017-12-15	45º aniversário do ISCTE-IUL	Iscte	1	TRUE	2012-2022	Memória	
2017121501	2017-12-15	Publicação de "Afirmação de uma identidade. 45 anos de ISCTE Instituto Universitário de Lisboa" (Carlos Oliveira Santos)	Iscte	1	TRUE	2012-2022	Memória	
2018012600	2018-01-26	Criação do Doutoramento em Gestão do Turismo, em associação com a Universidade Europeia (ISLA à data da criação)	Iscte	1	TRUE	2012-2022		
2018020700	2018-02-07	Relatório de Atividades 2017	Iscte	1	TRUE	2012-2022	Comunidade	
2018020701	2018-02-07	Integração da componente da Sustentabilidade no Sistema Integrado de Garantia da Qualidade	Iscte	1	TRUE	2012-2022		
2018020900	2018-02-09	Júlio Pedrosa é presidente do Conselho Geral (eleito)	Iscte	1	TRUE	2012-2022		
2018030800	2018-03-08	Maria de Lurdes Rodrigues é reitora (eleita)	Iscte	1	TRUE	2012-2022	Comunidade	Pessoas
2018042300	2018-04-23	INDEG-IUL assina protocolo com a IAPMEI para a implementação de três programas para PME'stshshys	Iscte	0	FALSE	2012-2022	Prestação de Serviços	
2018051800	2018-05-18	Abertura de concursos para a contratação de várias dezenas de investigadores	Iscte	1	FALSE	2012-2022	Investigação	
2018090500	2018-09-05	Obtenção da Acreditação Institucional pela A3ES (6 anos)	Iscte	1	TRUE	2012-2022	Ensino	
2018091200	2018-09-12	Criação do programa de doutoramento em Antropologia: Políticas e Imagens da Cultura e Museologia, em associação com a Universidade Nova de Lisboa (UNL), através da Faculdade de Ciências Sociais e Humanas (NOVA FCSH)	Iscte	1	TRUE	2012-2022		
2018110200	2018-11-02	Comemoração dos 30 anos do INDEG	Iscte	1	TRUE	2012-2022	Memória	Comunidade
2018110201	2018-11-02	Publicação de "Formar para a sociedade do conhecimento. INDEG-ISCTE. 30 anos" (Carlos Oliveira Santos)	Iscte	1	TRUE	2012-2022	Memória	
2018110500	2018-11-05	José Manuel Rebelo é Provedor do Estudante	Iscte	1	TRUE	2012-2022	Comunidade	Pessoas
2018112300	2018-11-23	Carlos Sá da Costa é diretor da Escola de Tecnologias e Arquitetura (ISTA)	Iscte	1	TRUE	2012-2022	Comunidade	Pessoas
2018120100	2018-12-01	Criação do Observatório Português das Atividades Culturais	Nacional	1	TRUE	2012-2022	Prestação de Serviços	Comunidade
2018121100	2018-12-11	Iscte é a primeira universidade portuguesa a obter a Certificação Ambiental (ISO 14001:2015)	Iscte	1	FALSE	2012-2022		
2018123100	2018-12-31	CiênciaVitae transforma-se no sistema nacional de gestão curricular de ciência neste ano	Nacional	1	TRUE	2012-2022		
2018123101	2018-12-31	INDEG-IUL assina protocolo com a IAPMEI para a implementação de três programas para PME's neste ano	Iscte	1	FALSE	2012-2022		
2019022500	2019-02-25	Luísa Lima é presidente do Conselho Científico (eleita)	Iscte	1	TRUE	2012-2022	Comunidade	Pessoas
2019032500	2019-03-25	Joana Alexandre é presidente do Conselho Pedagógico (eleita)	Iscte	1	TRUE	2012-2022	Comunidade	Pessoas
2019040900	2019-04-09	Maria João Cortinhal é diretora da Escola de Gestão (IBS)	Iscte	1	TRUE	2012-2022	Comunidade	Pessoas
2019041500	2019-04-15	Incêndio na Catedral Notre-Dame, Paris	Internacional	1	TRUE	2012-2022		
2019053100	2019-05-31	 Site Ciberdúvidas da Língua Português alojado no site do Iscte	Iscte	1	FALSE	2012-2022		
2019071700	2019-07-17	Helena Carvalho é novamente diretora da Escola de Sociologia e Políticas Públicas (ESPP)	Iscte	1	TRUE	2012-2022	Comunidade	Pessoas
2019071701	2019-07-17	Maria de Fátima Ferreiro é diretora da Escola de Ciências Sociais e Humanas (ECSH)	Iscte	1	TRUE	2012-2022	Comunidade	Pessoas
2019072300	2019-07-23	Relatório Integrado de Atividades e de Gestão 2018	Iscte	1	TRUE	2012-2022	Comunidade	
2019092300	2019-09-23	Apelo de Greta Thunberg na Cimeira de Ação Climática, ONU, Nova Iorque	Internacional	1	TRUE	2012-2022		
2019102600	2019-10-26	Miguel Cabrita, Secretário de Estado Adjunto, do Trabalho e da Formação Profissional	Nacional	1	TRUE	2012-2022		
2019102601	2019-10-26	Cláudia Pereira, Secretária de Estado para a Integração e as Migrações	Nacional	1	TRUE	2012-2022		
2019102602	2019-10-26	Eurico Brilhante Dias, Secretário de Estado da Internacionalização	Nacional	1	TRUE	2012-2022		
2019111200	2019-11-12	Nova temporada do coro ISCTE-IUL com o Maestro João Barros	Iscte	1	TRUE	2012-2022	Comunidade	Pessoas
2019112200	2019-11-22	Aprovada a participação na associação "ISCTE. Conhecimento e Inovação. Centro de Inovação e Transferência de Tecnologias"	Iscte	1	FALSE	2012-2022	Campus	
2019120600	2019-12-06	Criação do Doutoramento em Políticas de Administração e Gestão Escolar	Iscte	1	TRUE	2012-2022		
2019120601	2019-12-06	Criação da Licenciatura em Ciência de Dados	Iscte	1	TRUE	2012-2022		
2019121100	2019-12-11	Primeiro Relatório de Sustentabilidade do ISCTE	Iscte	1	TRUE	2012-2022		
2019121400	2019-12-14	Apresentação de nova identidade institucional	Iscte	1	FALSE	2012-2022	Identidade	
2019121500	2019-12-15	Criada a revista EntreCampus (ISSN 2184-6545)	Iscte	1	TRUE	2012-2022	Campus	
2019123100	2019-12-31	ISCTE consta, neste ano, do ranking The Times Higher Education. University Impact Rankings 	Iscte	1	TRUE	2012-2022	Comunidade	
2020021800	2020-02-18	Criação do Centro de Valorização e Transferência de Tecnologia (CVTT)	Iscte	1	FALSE	2012-2022	Investigação	Campus
2020030600	2020-03-06	Alumni Clube Iscte, redenominação de Associação de Antigos Alunos do ISCTE	Iscte	1	FALSE	2012-2022	Comunidade	
2020031100	2020-03-11	OMS declara pandemia do Covid 19	Internacional	1	TRUE	2012-2022		
2020031200	2020-03-12	Devido ao confinamento inicia-se o ensino não presencial e o teletrabalho	Iscte	1	TRUE	2012-2022	Comunidade	Infraestruturação
2020061500	2020-06-15	João Leão, ministro de Estado e das Finanças	Iscte	1	TRUE	2012-2022	Comunidade	Pessoas
2020072100	2020-07-21	Relatório Integrado de Atividades e de Gestão 2019	Iscte	1	TRUE	2012-2022	Comunidade	
2020091200	2020-09-12	Certificação de Responsabilidade Social (NP 4469:2019)	Iscte	1	FALSE	2012-2022		
2020091500	2020-09-15	Atividade letiva em ambiente híbrido 	Iscte	1	TRUE	2012-2022	Ensino	
2020093000	2020-09-30	Número de estudantes: 12851	Iscte	1	TRUE	2012-2022	Comunidade	
2020100200	2020-10-02	Observatório do Emprego Jovem (Refª. UIDP/0317/2020)	Iscte	1	TRUE	2012-2022		
2020121500	2020-12-15	Doutoramento Honoris Causa atribuído a António Correia de Campos	Iscte	1	TRUE	2012-2022	Identidade	Pessoas
2020121501	2020-12-15	Doutoramento Honoris Causa atribuído a José Pacheco Pereira	Iscte	1	TRUE	2012-2022	Identidade	Pessoas
2020121502	2020-12-15	Doutoramento Honoris Causa atribuído a Nuno Portas	Iscte	1	TRUE	2012-2022	Identidade	Pessoas
2020121503	2020-12-15	Presidente da República distingue Iscte com a Ordem da Instrução Pública	Iscte	1	TRUE	2012-2022	Identidade	
2020122100	2020-12-21	EMA aprova vacina contra a Covid_19, Comirnaty, laboratórios BioNTech e Pfizer	Internacional	1	TRUE	2012-2022		
2021010500	2021-01-05	Criação do Mestrado em Ação Humanitária	Iscte	1	TRUE	2012-2022		
2021013100	2021-01-31	Reino Unido sai da União Europeia (Brexit)	Internacional	2	TRUE	2012-2022		
2021020300	2021-02-03	Início das obras prévias para a construção do CVTT (Centro de Valorização e Transferência de Tecnologias) - primeira empreitada	Iscte	1	TRUE	2012-2022		
2021031800	2021-03-18	Luísa Lima é presidente do Conselho Científico (reeleita)	Iscte	1	TRUE	2012-2022	Comunidade	Pessoas
2021041900	2021-04-19	Início da realização de testes COVID (em parceria com a Cruz Vermelha Portuguesa)	Iscte	1	TRUE	2012-2022		
2021050500	2021-05-05	Município de Sintra cede terreno para a quinta escola do Iscte	Iscte	1	TRUE	2012-2022	Campus	Infraestruturação
2021053100	2021-05-31	Descontinuação da plataforma de gestão curricular DeGóis, substituída pelo CiênciaVitae	Nacional	1	TRUE	2012-2022		
2021070700	2021-07-07	Relatório Integrado de Atividades e de Gestão 2020	Iscte	1	TRUE	2012-2022	Comunidade	
2021071300	2021-07-13	Joana Alexandre é presidente do Conselho Pedagógico (reeleita)	Iscte	1	TRUE	2012-2022	Comunidade	Pessoas
2021071900	2021-07-19	Júlio Pedrosa é presidente do Conselho Geral (reeleito)	Iscte	1	TRUE	2012-2022	Comunidade	Pessoas
2021093000	2021-09-30	Número de estudantes: 13168	Iscte	1	TRUE	2012-2022	Comunidade	
2021103100	2021-10-31	Cimeira sobre as alterações climáticas (COP26)	Internacional	1	TRUE	2012-2022		
2021110900	2021-11-09	Doutoramento em Estudos Internacionais	Iscte	1	TRUE	2012-2022		
2021111400	2021-11-14	Claque ISCTE (925 participantes) no jogo da seleção portuguesa contra a seleção sérvia	Iscte	1	TRUE	2012-2022	Comunidade	
2021112600	2021-11-26	Criação da Escola de Tecnologias Digitais, Economia e Sociedade (Iscte Sintra)	Iscte	1	FALSE	2012-2022	Comunidade	
2021120700	2021-12-07	José António Pinto Ribeiro é presidente do Conselho de Curadores (eleito)	Iscte	1	TRUE	2012-2022	Comunidade	Pessoas
2021123100	2021-12-31	Criação do Sociodigital Lab for Public Policy, agregando seis unidades de investigação do Iscte neste ano	Iscte	1	TRUE	2012-2022		
2022022400	2022-02-24	Federação Russa invade a Ucrânia	Internacional	1	TRUE	2012-2022		
2022030100	2022-03-01	Desmaterialização dos requerimentos académicos	Iscte	1	FALSE	2012-2022	Desmaterialização	
2022030300	2022-03-03	Construção do CVTT (Centro de Valorização e Transferência de Tecnologias) - segunda empreitada	Iscte	1	TRUE	2012-2022	Campus	Infraestruturação
2022030700	2022-03-07	Plantação de Árvore da Vida (thuji occidentalis) no âmbito das Comemorações do Cinquentenário do Iscte	Iscte	1	TRUE	2012-2022	Memória	
2022030800	2022-03-08	Maria de Lurdes Rodrigues é reitora (reeleita)	Iscte	1	TRUE	2012-2022	Comunidade	Pessoas
2022033000	2022-03-30	Helena Carreiras, ministra da Defesa	Iscte	1	TRUE	2012-2022	Comunidade	Pessoas
2022033001	2022-03-30	Pedro Adão e Silva, ministro da Cultura	Iscte	1	TRUE	2012-2022	Comunidade	Pessoas
2022040300	2022-04-03	Corrida e caminhada comemorativas no âmbito das Comemorações do Cinquentenário do Iscte	Iscte	1	TRUE	2012-2022	Memória	
2022042700	2022-04-27	Criada a Comissão Instaladora da Escola de Tecnologias Aplicadas ISCTE- Sintra	Iscte	1	TRUE	2012-2022		
2022070800	2022-07-08	Homenagem parlamentar ao professor João Ferreira de Almeida (1941-2022)	Nacional	1	TRUE	2012-2022	Comunidade	Pessoas
2022072800	2022-07-28	Criação do Doutoramento em Economia Política, em Associação com o Instituto Superior de Economia e Gestão - Universidade de Lisboa e a Faculdade de Economia da Universidade de Coimbra	Iscte	1	TRUE	2012-2022		
2022090100	2022-09-01	Começa a funciona a quinta escola do Iscte em Sintra, Escola de Tecnologias Digitais, Economia e Sociedade, com 7 cursos de licenciatura	Iscte	1	TRUE	2012-2022		
2022121500	2022-12-15	Cinquentenário do ISCTE	Iscte	2	TRUE	2012-2022	Memória	
2022121501	2022-12-15	Tomada de posse prevista do diretor da Escola de Tecnologias Digitais, Economia e Sociedade (Iscte Sintra), Ricardo Paes Mamede	Iscte	1	FALSE	2012-2022	Comunidade	
2022121502	2022-12-15	Cinquentenário do ISCTE	Iscte	2	TRUE	2012-2022		