Topic	Pergunta	hipotese_1	hipotese_2	hipotese_3	hipotese_4	respostaCerta		id	pergunta	respostaLLM0		id	pergunta	respostaLLM1
TECNOLOGIAS	O que é uma turbina eólica?	Um motor a vapor	Um dispositivo que gera eletricidade a partir do vento	Uma máquina de escavação	Um instrumento musical	2	TRUE	0	O que é uma turbina eólica?	3	TRUE	0	O que é uma turbina eólica?	2
TECNOLOGIAS	O que é a energia geotérmica?	Energia gerada a partir da queima de combustíveis fósseis	Energia proveniente do movimento das marés	Energia obtida a partir do calor da Terra	Energia gerada por ondas oceânicas	3	TRUE	1	O que é a energia geotérmica?	3	TRUE	1	O que é a energia geotérmica?	4
TECNOLOGIAS	O que é a nanotecnologia?	A tecnologia de construção de estradas	A tecnologia de manipulação de átomos e moléculas	A tecnologia de energia solar	A tecnologia de telecomunicações	2	TRUE	2	O que é a nanotecnologia?	2	TRUE	2	O que é a nanotecnologia?	3
TECNOLOGIAS	Qual é a fonte de energia renovável que utiliza o movimento da água para gerar eletricidade?	Energia solar	Energia geotérmica	Energia hidroelétrica	Energia eólica	3	TRUE	3	Qual é a fonte de energia renovável que utiliza o movimento da água para gerar eletricidade?	3	TRUE	3	Qual é a fonte de energia renovável que utiliza o movimento da água para gerar eletricidade?	3
TECNOLOGIAS	O que é a engenharia genética?	Um campo de estudo que se concentra na construção de estruturas metálicas	Um processo de modificação do DNA de organismos vivos	Um método de produção de alimentos inorgânicos	Um tipo de engenharia de software	2	TRUE	4	O que é a engenharia genética?	2	TRUE	4	O que é a engenharia genética?	3
TECNOLOGIAS	O que é a robótica?	Um tipo de impressão 3D	Um campo de estudo que se concentra na criação de máquinas autónomas programáveis	Um método de agricultura orgânica	Um tipo de tecnologia espacial	2	TRUE	5	O que é a robótica?	2	TRUE	5	O que é a robótica?	2
TECNOLOGIAS	Qual é o nome do processo de conversão de materiais usados em novos produtos?	Renovação	Reciclagem	Incineração	Reparação	2	TRUE	6	Qual é o nome do processo de conversão de materiais usados em novos produtos?	1	TRUE	6	Qual é o nome do processo de conversão de materiais usados em novos produtos?	2
TECNOLOGIAS	O que é um gerador de biomassa?	Um gerador eólico movido a energia biológica	Uma turbina geradora de massa bilógica	Um dispositivo para produção de eletricidade a partir de resíduos orgânicos	Uma máquina de lavar roupa que respeita as fibras biológicas	3	TRUE	7	O que é um gerador de biomassa?	3	TRUE	7	O que é um gerador de biomassa?	4
TECNOLOGIAS	Qual é o processo de conversão de resíduos orgânicos em material rico em nutrientes para o solo?	Compostagem	Reciclagem	Incineração	Armazenamento	1	TRUE	8	Qual é o processo de conversão de resíduos orgânicos em material rico em nutrientes para o solo?	1	TRUE	8	Qual é o processo de conversão de resíduos orgânicos em material rico em nutrientes para o solo?	2
TECNOLOGIAS	Qual é o nome da tecnologia que permite a criação de ambientes digitais tridimensionais inexistentes?	Realidade aumentada	Realidade virtual	Realidade mista	Realidade paralela	2	TRUE	9	Qual é o nome da tecnologia que permite a criação de ambientes digitais tridimensionais inexistentes?	2	TRUE	9	Qual é o nome da tecnologia que permite a criação de ambientes digitais tridimensionais inexistentes?	2
TECNOLOGIAS	Qual é o nome do processo de conversão de água salgada em água potável?	Desalinização	Destilação	Decantação	Filtragem	1	TRUE	10	Qual é o nome do processo de conversão de água salgada em água potável?	1	TRUE	10	Qual é o nome do processo de conversão de água salgada em água potável?	1
TECNOLOGIAS	Qual é o sistema operativo de código aberto mais amplamente utilizado no mundo?	Windows	macOS	Linux	Android	3	TRUE	11	Qual é o sistema operativo de código aberto mais amplamente utilizado no mundo?	3	TRUE	11	Qual é o sistema operativo de código aberto mais amplamente utilizado no mundo?	3
TECNOLOGIAS	Qual é o nome do processo de ocultar informações sensíveis dentro de outras informações, tornando-as ininteligíveis?	Compressão de dados	Criptografia	Descompressão	Compactação	2	TRUE	12	Qual é o nome do processo de ocultar informações sensíveis dentro de outras informações, tornando-as ininteligíveis?	3	TRUE	12	Qual é o nome do processo de ocultar informações sensíveis dentro de outras informações, tornando-as ininteligíveis?	2
TECNOLOGIAS	Quem é considerado o cofundador da Microsoft e um dos empresários mais ricos do mundo?	Elon Musk	Richard Branson	Bill Gates	Mark Zuckerberg	3	TRUE	13	Quem é considerado o cofundador da Microsoft e um dos empresários mais ricos do mundo?	3	TRUE	13	Quem é considerado o cofundador da Microsoft e um dos empresários mais ricos do mundo?	3
TECNOLOGIAS	O que é "cloud computing"?	Uma técnica de impressão 3D	Um método de armazenamento de dados em servidores remotos	Um tipo de linguagem de programação	Um sistema de segurança de rede	2	TRUE	14	O que é "cloud computing"?	2	TRUE	14	O que é "cloud computing"?	2
TECNOLOGIAS	Qual é a sigla para "Hypertext Markup Language," a linguagem de marcação usada para criar páginas da web?	XML	HTML	HTTP	URL	2	TRUE	15	Qual é a sigla para "Hypertext Markup Language," a linguagem de marcação usada para criar páginas da web?	3	TRUE	15	Qual é a sigla para "Hypertext Markup Language," a linguagem de marcação usada para criar páginas da web?	2
TECNOLOGIAS	Qual é o nome do fundador da SpaceX e da Tesla, conhecido por seus esforços na exploração espacial e veículos elétricos?	Richard Branson	Jeff Bezos	Elon Musk	Larry Page	3	TRUE	16	Qual é o nome do fundador da SpaceX e da Tesla, conhecido por seus esforços na exploração espacial e veículos elétricos?	3	TRUE	16	Qual é o nome do fundador da SpaceX e da Tesla, conhecido por seus esforços na exploração espacial e veículos elétricos?	3
TECNOLOGIAS	Qual é o nome do sistema de posicionamento global que permite a determinação de localização em qualquer lugar da Terra?	GPRS	Bluetooth	Wi-Fi	GPS	4	TRUE	17	Qual é o nome do sistema de posicionamento global que permite a determinação de localização em qualquer lugar da Terra?	4	TRUE	17	Qual é o nome do sistema de posicionamento global que permite a determinação de localização em qualquer lugar da Terra?	4
TECNOLOGIAS	Quem é conhecido como o "pai da eletricidade" e que inventou a lâmpada incandescente?	Isaac Newton	Nikola Tesla	Thomas Edison	James Clerk Maxwell	3	TRUE	18	Quem é conhecido como o "pai da eletricidade" e que inventou a lâmpada incandescente?	3	TRUE	18	Quem é conhecido como o "pai da eletricidade" e que inventou a lâmpada incandescente?	3
TECNOLOGIAS	Qual é o nome do sistema operativo desenvolvido pela Apple para seus computadores pessoais?	Linux	macOS	Windows	Android	2	TRUE	19	Qual é o nome do sistema operativo desenvolvido pela Apple para seus computadores pessoais?	2	TRUE	19	Qual é o nome do sistema operativo desenvolvido pela Apple para seus computadores pessoais?	2
TECNOLOGIAS	Qual é o protocolo de Internet amplamente usado para enviar e-mails?	FTP	HTTP	SMTP	DNS	3	TRUE	20	Qual é o protocolo de Internet amplamente usado para enviar e-mails?	4	TRUE	20	Qual é o protocolo de Internet amplamente usado para enviar e-mails?	3
TECNOLOGIAS	Qual é o nome da primeira missão tripulada que levou o homem à lua?	Apollo 1	Apollo 11	Apollo 13	Apollo 19	2	TRUE	21	Qual é o nome da primeira missão tripulada que levou o homem à lua?	3	TRUE	21	Qual é o nome da primeira missão tripulada que levou o homem à lua?	3
TECNOLOGIAS	Qual é o nome da linguagem de programação frequentemente usada para análise de dados e aprendizagem automática?	Python	C++	JavaScript	Ruby	1	TRUE	22	Qual é o nome da linguagem de programação frequentemente usada para análise de dados e aprendizagem automática?	3	TRUE	22	Qual é o nome da linguagem de programação frequentemente usada para análise de dados e aprendizagem automática?	3
TECNOLOGIAS	Qual é o nome da primeira rede social lançada em 2004 por Mark Zuckerberg?	Twitter	LinkedIn	Facebook	Instagram	3	TRUE	23	Qual é o nome da primeira rede social lançada em 2004 por Mark Zuckerberg?	3	TRUE	23	Qual é o nome da primeira rede social lançada em 2004 por Mark Zuckerberg?	3
TECNOLOGIAS	Quem é considerado o "pai da computação" e desenvolveu a máquina analítica no século XIX?	Alan Turing	John von Neumann	Charles Babbage	Tim Berners-Lee	3	TRUE	24	Quem é considerado o "pai da computação" e desenvolveu a máquina analítica no século XIX?	3	TRUE	24	Quem é considerado o "pai da computação" e desenvolveu a máquina analítica no século XIX?	3
TECNOLOGIAS	Qual cientista é conhecido por sua contribuição fundamental para o desenvolvimento da linguagem de programação Fortran?	Linus Torvalds	John Backus	Grace Hopper	Dennis Ritchie	2	TRUE	25	Qual cientista é conhecido por sua contribuição fundamental para o desenvolvimento da linguagem de programação Fortran?	3	TRUE	25	Qual cientista é conhecido por sua contribuição fundamental para o desenvolvimento da linguagem de programação Fortran?	3
TECNOLOGIAS	Quem projetou a primeira linguagem de programação de alto nível, chamada COBOL?	John Backus	Ada Lovelace	Grace Hopper	Dennis Ritchie	3	FALSE	26	Quem projetou a primera linguagem de programação de alto nível, chamada COBOL?	3	FALSE	26	Quem projetou a primera linguagem de programação de alto nível, chamada COBOL?	3
TECNOLOGIAS	Qual é a área da engenharia que se concentra em projetar sistemas de automação e controle industrial?	Engenharia Informática	Engenharia Mecatrónica	Engenharia Agrícola	Engenharia de Telecomunicações	2	TRUE	27	Qual é a área da engenharia que se concentra em projetar sistemas de automação e controle industrial?	3	TRUE	27	Qual é a área da engenharia que se concentra em projetar sistemas de automação e controle industrial?	3
TECNOLOGIAS	O que é a análise de elementos finitos na Engenharia Mecânica?	Uma técnica de construção de máquinas	Um método para estudar como interage um número limitado (finito) de peças mecânicas	Uma técnica de produção em massa	Um método para simular o comportamento de estruturas complexas	4	TRUE	28	O que é a análise de elementos finitos na Engenharia Mecânica?	4	TRUE	28	O que é a análise de elementos finitos na Engenharia Mecânica?	3
TECNOLOGIAS	Qual é a importância da lubrificação na operação e manutenção de equipamentos mecânicos?	Evitar a corrosão dos materiais	Reduzir o atrito e o desgaste de peças móveis	Melhorar as transferências térmicas	Melhorar o isolamento elétrico	2	TRUE	29	Qual é a importância da lubrificação na operação e manutenção de equipamentos mecânicos?	3	TRUE	29	Qual é a importância da lubrificação na operação e manutenção de equipamentos mecânicos?	3
TECNOLOGIAS	O que é um motor de combustão interna?	Um motor que transforma internamente eletricidade em energia mecânica	Um motor em que se queima lenha internamente para produzir vapor de água	Um motor de explosão que converte energia térmica em energia mecânica	Um motor em que existe uma chama interna que aquece uma caldeira	3	TRUE	30	O que é um motor de combustão interna?	4	TRUE	30	O que é um motor de combustão interna?	4
TECNOLOGIAS	O que é a manutenção preditiva na Engenharia Mecânica?	A manutenção que é feita após a falha de um equipamento	A manutenção que é feita regularmente, independentemente do estado do equipamento	A manutenção baseada em dados e monitorização para prevenir falhas	A manutenção que envolve a troca completa de equipamentos	3	TRUE	31	O que é a manutenção preditiva na Engenharia Mecânica?	3	TRUE	31	O que é a manutenção preditiva na Engenharia Mecânica?	3
CIÊNCIAS SOCIAIS E HUMANAS	Quem é considerado o fundador da psicanálise?	B.F. Skinner	Ivan Pavlov	Carl Rogers	Sigmund Freud	4	TRUE	32	Quem é considerado o fundador da psicanálise?	4	TRUE	32	Quem é considerado o fundador da psicanálise?	4
CIÊNCIAS SOCIAIS E HUMANAS	Qual é o estudo das formas de governo, políticas públicas e sistemas políticos?	Psicologia Política	Sociologia	Ciência Política	Antropologia Política	3	FALSE	33	Qual é o estudo das formas de gobierno, políticas públicas e sistemas políticos?	3	TRUE	33	Qual é o estudo das formas de governo, políticas públicas e sistemas políticos?	3
CIÊNCIAS SOCIAIS E HUMANAS	O que estuda a economia comportamental?	Tomada de Decisão Humana	Comportamento Animal	Economia Experimental	Psicologia do Consumidor	1	TRUE	34	O que estuda a economia comportamental?	3	TRUE	34	O que estuda a economia comportamental?	3
CIÊNCIAS SOCIAIS E HUMANAS	O que é a teoria do "contrato social" na filosofia política?	Um contrato entre governantes e governados	Um contrato entre países	Um contrato entre classes sociais	Um contrato entre religiões	1	TRUE	35	O que é a teoria do "contrato social" na filosofia política?	1	TRUE	35	O que é a teoria do "contrato social" na filosofia política?	1
CIÊNCIAS SOCIAIS E HUMANAS	Qual é o nome da corrente artística que enfatizou a expressão das emoções e das experiências humanas no final do século XIX?	Renascimento	Barroco	Romantismo	Realismo	3	TRUE	36	Qual é o nome da corrente artística que enfatizou a expressão das emoções e das experiências humanas no final do século XIX?	3	TRUE	36	Qual é o nome da corrente artística que enfatizou a expressão das emoções e das experiências humanas no final do século XIX?	3
CIÊNCIAS SOCIAIS E HUMANAS	Quem é o autor da obra "A Origem das Espécies", que apresentou a teoria da evolução por seleção natural?	Isaac Newton	Gregor Mendel	Albert Einstein	Charles Darwin	4	TRUE	37	Quem é o autor da obra "A Origem das Espécies", que apresentou a teoria da evolução por seleção natural?	4	TRUE	37	Quem é o autor da obra "A Origem das Espécies", que apresentou a teoria da evolução por seleção natural?	4
CIÊNCIAS SOCIAIS E HUMANAS	O que é a antropologia cultural?	O estudo das culturas antigas	O estudo das origens humanas	O estudo das sociedades humanas e suas culturas	O estudo da psicologia humana	3	TRUE	38	O que é a antropologia cultural?	3	TRUE	38	O que é a antropologia cultural?	3
CIÊNCIAS SOCIAIS E HUMANAS	Qual é a definição de "capitalismo"?	Um sistema económico onde os meios de produção são propriedade do Estado	Um sistema económico baseado na propriedade coletiva dos meios de produção	Um sistema económico onde os meios de produção são de propriedade privada e controlados pelo mercado	Um sistema económico baseado na troca de bens sem dinheiro	3	TRUE	39	Qual é a definição de "capitalismo"?	3	TRUE	39	Qual é a definição de "capitalismo"?	3
CIÊNCIAS SOCIAIS E HUMANAS	Quem é o autor da obra "O Segundo Sexo", que é um marco nos estudos feministas?	Virginia Woolf	Betty Friedan	Simone de Beauvoir	Gloria Steinem	3	TRUE	40	Quem é o autor da obra "O Segundo Sexo", que é um marco nos estudos feministas?	3	TRUE	40	Quem é o autor da obra "O Segundo Sexo", que é um marco nos estudos feministas?	3
CIÊNCIAS SOCIAIS E HUMANAS	Qual é o termo que se refere ao estudo das línguas e sua estrutura?	Semiótica	Idiomática	Filologia	Linguística	4	TRUE	41	Qual é o termo que se refere ao estudo das línguas e sua estrutura?	4	TRUE	41	Qual é o termo que se refere ao estudo das línguas e sua estrutura?	4
CIÊNCIAS SOCIAIS E HUMANAS	Qual é o nome do processo através do qual as normas culturais são transmitidas de geração em geração?	Socialização	Assimilação	Globalização	Revolução	1	TRUE	42	Qual é o nome do processo através do qual as normas culturais são transmitidas de geração em geração?	3	TRUE	42	Qual é o nome do processo através do qual as normas culturais são transmitidas de geração em geração?	3
CIÊNCIAS SOCIAIS E HUMANAS	Qual é o nome da corrente filosófica que enfatiza a importância da razão, lógica e argumentação crítica?	Empirismo	Racionalismo	Idealismo	Existencialismo	2	TRUE	43	Qual é o nome da corrente filosófica que enfatiza a importância da razão, lógica e argumentação crítica?	2	TRUE	43	Qual é o nome da corrente filosófica que enfatiza a importância da razão, lógica e argumentação crítica?	2
CIÊNCIAS SOCIAIS E HUMANAS	Quem é considerado o "pai da psicanálise"?	Carl Jung	Sigmund Freud	B.F. Skinner	Ivan Pavlov	2	TRUE	44	Quem é considerado o "pai da psicanálise"?	2	TRUE	44	Quem é considerado o "pai da psicanálise"?	2
CIÊNCIAS SOCIAIS E HUMANAS	Quem foi o líder do movimento pelos direitos civis nos Estados Unidos, conhecido por seu discurso "I Have a Dream"?	Malcolm X	Nelson Mandela	Martin Luther King Jr.	Barack Obama	3	TRUE	45	Quem foi o líder do movimento pelos direitos civis nos Estados Unidos, conhecido por seu discurso "I Have a Dream"?	3	TRUE	45	Quem foi o líder do movimento pelos direitos civis nos Estados Unidos, conhecido por seu discurso "I Have a Dream"?	3
CIÊNCIAS SOCIAIS E HUMANAS	Qual é o sistema económico caracterizado pela propriedade privada dos meios de produção?	Socialismo	Comunismo	Capitalismo	Fascismo	3	TRUE	46	Qual é o sistema económico caracterizado pela propriedade privada dos meios de produção?	3	TRUE	46	Qual é o sistema económico caracterizado pela propriedade privada dos meios de produção?	3
CIÊNCIAS SOCIAIS E HUMANAS	Quem é conhecido por suas experiências com o condicionamento clássico em cães?	Sigmund Freud	Ivan Pavlov	B.F. Skinner	Carl Jung	2	TRUE	47	Quem é conhecido por suas experiências com o condicionamento clássico em cães?	3	TRUE	47	Quem é conhecido por suas experiências com o condicionamento clássico em cães?	3
CIÊNCIAS SOCIAIS E HUMANAS	Qual é a forma mais comum de governo em que o poder é exercido por um único líder com autoridade absoluta?	Democracia	Monarquia	Anarquia	Oligarquia	2	TRUE	48	Qual é a forma mais comum de governo em que o poder é exercido por um único líder com autoridade absoluta?	4	TRUE	48	Qual é a forma mais comum de governo em que o poder é exercido por um único líder com autoridade absoluta?	4
CIÊNCIAS SOCIAIS E HUMANAS	Quem é considerado o "pai da filosofia política" e escreveu "A República", na qual discute a justiça, a política e a natureza do ser humano?	Platão	Aristóteles	Sócrates	Karl Marx	1	TRUE	49	Quem é considerado o "pai da filosofia política" e escreveu "A República", na qual discute a justiça, a política e a natureza do ser humano?	2	TRUE	49	Quem é considerado o "pai da filosofia política" e escreveu "A República", na qual discute a justiça, a política e a natureza do ser humano?	2
CIÊNCIAS SOCIAIS E HUMANAS	Qual é o nome do sistema de governo em que o poder é dividido entre um governo central e governos estaduais ou provinciais?	Monarquia absoluta	Federalismo	Teocracia	Ditadura	2	FALSE	50	Qual é o nome do sistema de gobierno em que o poder é dividido entre um governo central e governos estaduais ou provinciais?	1	FALSE	50	Monarquia absoluta	4
CIÊNCIAS SOCIAIS E HUMANAS	O que significa "estado de direito" em termos políticos?	Um estado onde a lei é aplicada de forma seletiva	Um estado onde os direitos dos cidadãos são protegidos pela lei	Um estado onde a lei não se aplica	Um estado onde não há leis	2	TRUE	51	O que significa "estado de direito" em termos políticos?	2	FALSE	51	Um estado where the law is applied in a selective manner	3
CIÊNCIAS SOCIAIS E HUMANAS	Qual é o nome do sistema de governo em que o poder é exercido por um pequeno grupo de pessoas?	Democracia	Oligarquia	Totalitarismo	Anarquia	2	TRUE	52	Qual é o nome do sistema de governo em que o poder é exercido por um pequeno grupo de pessoas?	3	FALSE	52	Oligarquia	3
CIÊNCIAS SOCIAIS E HUMANAS	Quem é considerado o fundador da filosofia política moderna e escreveu "O Príncipe", que discute estratégias de governo e liderança política?	Karl Marx	John Locke	Niccolò Machiavelli	Jean-Jacques Rousseau	3	TRUE	53	Quem é considerado o fundador da filosofia política moderna e escreveu "O Príncipe", que discute estratégias de governo e liderança política?	2	FALSE	53	Niccolò Machiavelli	2
CIÊNCIAS SOCIAIS E HUMANAS	Qual é o nome do sistema de governo em que o poder é exercido pelo povo, geralmente por meio de eleições?	Ditadura	Oligarquia	Democracia	Monarquia	3	TRUE	54	Qual é o nome do sistema de governo em que o poder é exercido pelo povo, geralmente por meio de eleições?	1	FALSE	54	Ditadura	3
CIÊNCIAS SOCIAIS E HUMANAS	O que é um "lobby" em termos de política?	Um grupo de legisladores	Um edifício do governo	Uma organização que influencia políticos em nome de interesses específicos	Um tipo de eleição	3	TRUE	55	O que é um "lobby" em termos de política?	3	FALSE	55	Uma organização that influences politicians on behalf of specific interests	3
CIÊNCIAS SOCIAIS E HUMANAS	Qual é o termo para um governo em que um partido ou indivíduo exerce controle total sobre todas as áreas da vida pública e privada?	Democracia	Federalismo	Totalitarismo	Anarquia	3	TRUE	56	Qual é o termo para um governo em que um partido ou indivíduo exerce controle total sobre todas as áreas da vida pública e privada?	4	FALSE	56	Totalitarismo	2
CIÊNCIAS SOCIAIS E HUMANAS	O que é um "golpe de Estado"?	Um processo democrático de eleição de líderes	Uma revolta popular pacífica	Uma ação ilegal para derrubar um governo e assumir o poder	Um acordo internacional de paz	3	TRUE	57	O que é um "golpe de Estado"?	4	FALSE	57	Uma ação illegal to overthrow a government and assume power	2
CIÊNCIAS SOCIAIS E HUMANAS	O que é a arqueologia?	O estudo das estrelas e planetas	O estudo das civilizações antigas por meio de suas ruínas e artefatos	A pesquisa de fósseis de dinossauros	O estudo da anatomia humana	2	TRUE	58	O que é a arqueologia?	2	FALSE	58	O estudo das civilizações antigas por meio de suas ruínas e artefatos	2
CIÊNCIAS SOCIAIS E HUMANAS	Qual é o nome da antiga cidade romana destruída pela erupção do Monte Vesúvio em 79 d.C.?	Atenas	Roma	Pompéia	Cartago	3	TRUE	59	Qual é o nome da antiga cidade romana destruída pela erupção do Monte Vesúvio em 79 d.C.?	3	FALSE	59	Pompéia	3
CIÊNCIAS SOCIAIS E HUMANAS	Qual é o nome do antigo sistema de escrita pictográfica usado pelos antigos egípcios?	Hieróglifos	Cuneiforme	Alfabeto grego	Runas	1	TRUE	60	Qual é o nome do antigo sistema de escrita pictográfica usado pelos antigos egípcios?	1	TRUE	60	Qual é o nome do antigo sistema de escrita pictográfica usado pelos antigos egípcios?	1
CIÊNCIAS SOCIAIS E HUMANAS	Qual é o nome da antiga cidade maia que é famosa por suas pirâmides e observatório astronómico?	Tikal	Chichén Itzá	Machu Picchu	Teotihuacán	2	FALSE	61	Qual é o nome da antiga cidade maia que é famosa por suas pirâmides e observatório astronômico?	2	FALSE	61	Qual é o nome da antiga cidade maia que é famosa por suas pirâmides e observatório astronômico?	2
CIÊNCIAS SOCIAIS E HUMANAS	O que os arqueólogos chamam de "datação por carbono-14"?	Um método para medir as emissões de carbono na antiguidade	Um método para determinar a idade de artefatos e fósseis orgânicos	Um método para medir a idade das pirâmides egípcias	Um método para calcular a idade das estrelas	2	TRUE	62	O que os arqueólogos chamam de "datação por carbono-14"?	2	TRUE	62	O que os arqueólogos chamam de "datação por carbono-14"?	2
ARQUITETURA	Quem é o arquiteto responsável pelo projeto do Museu Guggenheim em Bilbao, Espanha?	Frank Lloyd Wright	Zaha Hadid	Rem Koolhaas	Frank Gehry	4	TRUE	63	Quem é o arquiteto responsável pelo projeto do Museu Guggenheim em Bilbao, Espanha?	3	TRUE	63	Quem é o arquiteto responsável pelo projeto do Museu Guggenheim em Bilbao, Espanha?	3
ARQUITETURA	Qual é o estilo arquitetónico conhecido por suas linhas curvas, inspiradas na natureza, e é exemplificado na Casa Batlló e no Parque Güell em Barcelona?	Gótico	Barroco	Art Nouveau	Rococó	3	TRUE	64	Qual é o estilo arquitetónico conhecido por suas linhas curvas, inspiradas na natureza, e é exemplificado na Casa Batlló e no Parque Güell em Barcelona?	3	TRUE	64	Qual é o estilo arquitetónico conhecido por suas linhas curvas, inspiradas na natureza, e é exemplificado na Casa Batlló e no Parque Güell em Barcelona?	3
ARQUITETURA	Qual é o nome do famoso arquiteto norte-americano que projetou a conhecida Casa da Cascata (Fallingwater)?	Louis Sullivan	Mies van der Rohe	Frank Lloyd Wright	Philip Johnson	3	TRUE	65	Qual é o nome do famoso arquiteto norte-americano que projetou a conhecida Casa da Cascata (Fallingwater)?	3	TRUE	65	Qual é o nome do famoso arquiteto norte-americano que projetou a conhecida Casa da Cascata (Fallingwater)?	3
ARQUITETURA	O que é um edifício patrimonial?	Um edifício para guardar o património dos depositantes (o mesmo que banco)	Um edifício que envolveu um grande investimento	Um edifício histórico de valor cultural, histórico ou arquitetónico	Um edifício adquirido para fins de especulação imobiliária	3	TRUE	66	O que é um edifício patrimonial?	4	TRUE	66	O que é um edifício patrimonial?	1
ARQUITETURA	O que é um mezanino em arquitetura?	Uma escada interior que dá acesso a uma varanda	Andar parcial mais baixo introduzido no pé-direito de um andar principal, com acesso apenas pelo interior do recinto	Uma forma de iluminação natural a meia-luz	Um tipo de coluna bizantina	2	TRUE	67	O que é um mezanino em arquitetura?	2	TRUE	67	O que é um mezanino em arquitetura?	1
ARQUITETURA	Qual é o nome do famoso arquiteto espanhol que projetou a Sagrada Família em Barcelona?	Antoni Gaudí	Frank Gehry	Renzo Piano	Le Corbusier	1	TRUE	68	Qual é o nome do famoso arquiteto espanhol que projetou a Sagrada Família em Barcelona?	2	TRUE	68	Qual é o nome do famoso arquiteto espanhol que projetou a Sagrada Família em Barcelona?	2
ARQUITETURA	O que é o estilo arquitetónico caracterizado por linhas limpas, formas geométricas simples e uso de materiais industriais como aço e vidro?	Art Déco	Modernismo	Rococó	Barroco	2	TRUE	69	O que é o estilo arquitetónico caracterizado por linhas limpas, formas geométricas simples e uso de materiais industriais como aço e vidro?	3	TRUE	69	O que é o estilo arquitetónico caracterizado por linhas limpas, formas geométricas simples e uso de materiais industriais como aço e vidro?	3
ARQUITETURA	Qual é o nome do arquiteto brasileiro conhecido por projetar a Catedral de Brasília?	Oscar Niemeyer	Lucio Costa	Roberto Burle Marx	Cândido Portinari	1	FALSE	70	Oscar Niemeyer	2	FALSE	70	Oscar Niemeyer	2
ARQUITETURA	Quem é o arquiteto responsável pelo projeto do Museu de Arte Moderna (MoMA) em Nova Iorque?	Ieoh Ming Pei	Renzo Piano	Frank Gehry	Zaha Hadid	1	FALSE	71	Ieoh Ming Pei	3	FALSE	71	Ieoh Ming Pei	3
ARQUITETURA	Qual é o nome do famoso arquiteto conhecido por projetar a Villa Savoye?	Frank Gehry	Zaha Hadid	Le Corbusier	Frank Lloyd Wright	3	FALSE	72	Le Corbusier	3	FALSE	72	Le Corbusier	2
ARQUITETURA	O que é o estilo arquitetónico caracterizado por arcos ogivais e vitrais coloridos, frequentemente usado em igrejas medievais?	Art Nouveau	Gótico	Renascimento	Rococó	2	FALSE	73	Gótico	2	FALSE	73	Gótico	2
ARQUITETURA	Qual é o nome do famoso templo grego dedicado à deusa Atena em Atenas, conhecido por suas colunas dóricas?	Templo de Zeus	Partenon	Templo de Apolo	Templo de Hércules	2	FALSE	74	Partenon	2	FALSE	74	Partenon	2
ARQUITETURA	Qual é o nome do famoso anfiteatro romano localizado em Roma, onde ocorriam lutas de gladiadores e eventos públicos?	Coliseu	Pantheon	Fórum Romano	Termas de Caracala	1	FALSE	75	Coliseu	1	FALSE	75	Coliseu	1
ARQUITETURA	Quem é o arquiteto egípcio responsável pela conceção das Pirâmides de Gizé?	Imhotep	Ramsés II	Tutancámon	Cleópatra	1	FALSE	76	Imhotep	1	FALSE	76	Imhotep	1
ARQUITETURA	Qual é o nome da cidade antiga conhecida por suas casas de pedra esculpidas na rocha na Jordânia?	Palmira	Petra	Babilónia	Tebas	2	FALSE	77	Petra	2	FALSE	77	Petra	2
ARQUITETURA	Qual é o nome do famoso templo budista localizado no Camboja, conhecido por suas torres em forma de lótus?	Templo de Borobudur	Templo de Angkor Wat	Templo de Bodh Gaya	Templo de Mahabodhi	2	FALSE	78	Templo de Borobudur	3	FALSE	78	Templo de Borobudur	3
ARQUITETURA	Qual é o nome da famosa estrutura neolítica na Inglaterra, composta por grandes pedras em pé?	Esfinge	Stonehenge	Ménir	Dolmen	2	FALSE	79	Stonehenge	2	FALSE	79	Stonehenge	2
ARQUITETURA	Quem é o arquiteto grego responsável pelo projeto do Partenon em Atenas?	Sócrates	Aristóteles	Fídias	Platão	3	FALSE	80	Sócrates	4	TRUE	80	Quem é o arquiteto grego responsável pelo projeto do Partenon em Atenas?	4
ARQUITETURA	Quem é o arquiteto grego responsável pelo projeto do Templo de Artemisa em Éfeso, uma das Sete Maravilhas do Mundo Antigo?	Fídias	Heródoto	Ártemis	Calímaco	4	FALSE	81	Fídias	3	TRUE	81	Quem é o arquiteto grego responsável pelo projeto do Templo de Artemisa em Éfeso, uma das Sete Maravilhas do Mundo Antigo?	4
ARQUITETURA	Qual é o nome do complexo de templos maias localizado no México, conhecido por sua pirâmide de Kukulcán?	Templo de Luxor	Templo de Karnak	Templo de Tikal	Templo de Chichén Itzá	4	FALSE	82	Templo de Tikal	3	TRUE	82	Qual é o nome do complexo de templos maias localizado no México, conhecido por sua pirâmide de Kukulcán?	3
ARQUITETURA	Quem é o arquiteto grego responsável pelo projeto do Templo de Apolo em Delfos?	Fídias	Heródoto	Ártemis	Calímaco	1	FALSE	83	Fídias	3	TRUE	83	Quem é o arquiteto grego responsável pelo projeto do Templo de Apolo em Delfos?	4
ARQUITETURA	Qual é o nome da cidade antiga mesopotâmica conhecida por suas muralhas maciças, sistema de comportas e jardins suspensos?	Ur	Assur	Babilónia	Nínive	1	FALSE	84	Babilónia	4	TRUE	84	Qual é o nome da cidade antiga mesopotâmica conhecida por suas muralhas maciças, sistema de comportas e jardins suspensos?	4
ARQUITETURA	Qual é o nome do famoso mosteiro português construído no estilo manuelino, situado em Belém, Lisboa?	Mosteiro de São Vicente de Fora	Mosteiro de Santa Cruz	Mosteiro dos Jerónimos	Mosteiro de Alcobaça	3	FALSE	85	Mosteiro dos Jerónimos	3	TRUE	85	Qual é o nome do famoso mosteiro português construído no estilo manuelino, situado em Belém, Lisboa?	4
ARQUITETURA	O estilo arquitetónico manuelino é conhecido por suas decorações elaboradas inspiradas em quê?	Arte abstrata	Símbolos marítimos	Arte renascentista	Arte bizantina	2	FALSE	86	Arte renascentista	3	TRUE	86	O estilo arquitetónico manuelino é conhecido por suas decorações elaboradas inspiradas em quê?	4
ARQUITETURA	Qual é o nome do famoso aqueduto construído no século XVIII, para abastecer de água a capital portuguesa, conhecido pelos seus arcos em pedra de grande porte?	Aqueduto da Amoreira	Aqueduto das Águas Livres	Aqueduto de Segóvia	Aqueduto de Valente	2	FALSE	87	Aqueduto das Águas Livres	3	TRUE	87	Qual é o nome do famoso aqueduto construído no século XVIII, para abastecer de água a capital portuguesa, conhecido pelos seus arcos em pedra de grande porte?	4
ARQUITETURA	Onde ficava a mais célebre biblioteca e um dos maiores centros de produção do conhecimento na Antiguidade que, durante o reinado de Cleópatra, se calcula reunisse cerca de 1 milhão de pergaminhos?	Roma	Constantinopla	Alexandria	Cairo	3	FALSE	88	Alexandria	3	FALSE	88	Onde ficava a mais célebre biblioteca e um dos maiores centros de produção do conoccimento na Antiguidade que, durante o reinado de Cleópatra, se calcula reunisse cerca de 1 milhão de pergaminhos?	4
ARQUITETURA	Que tipo de colunas da arquitetura clássica grega são caracterizadas por não possuírem base e o capitel ter formato de prato?	dóricas	cónicas	jónicas	coríntias	1	FALSE	89	Jónicas	3	TRUE	89	Que tipo de colunas da arquitetura clássica grega são caracterizadas por não possuírem base e o capitel ter formato de prato?	4
ARQUITETURA	Que tipo de colunas da arquitetura clássica grega são caracterizadas por a sua base se parecer com uma pilha de anéis e o capitel se parecer com um pergaminho gigante?	dóricas	cónicas	jónicas	coríntias	3	TRUE	90	Que tipo de colunas da arquitetura clássica grega são caracterizadas por a sua base se parecer com uma pilha de anéis e o capitel se parecer com um pergaminho gigante?	3	TRUE	90	Que tipo de colunas da arquitetura clássica grega são caracterizadas por a sua base se parecer com uma pilha de anéis e o capitel se parecer com um pergaminho gigante?	1
ARQUITETURA	Que tipo de colunas da arquitetura clássica grega são caracterizadas por um capitel muito elaborado com a forma básica de um sino invertido, adornado por formas vegetais (folhas e rebentos)?	dóricas	cónicas	jónicas	coríntias	4	FALSE	91	Que tipo de colunas da arquitetura clássica grega são caracterizadas por um capitel muy elaborado com a forma básica de um sino invertido, adornado por formas vegetais (folhas e rebentos)?	4	FALSE	91	Que tipo de colunas da arquitetura clássica grega são caracterizadas por um capitel muy elaborado com a forma básica de um sino invertido, adornado por formas vegetais (folhas e rebentos)?	2
ARQUITETURA	Em que ilha do mediterrâneo existia uma estátua em pedra de grandes dimensões (de altura aproximada da Estátua da Liberdade), considerada uma das sete maravilhas do mundo antigo?	Creta	Rodes	Malta	Corfu	2	FALSE	92	Em que ilha do mediterrâneo existia uma estátua em pedra de grandes dimensões (de altura approximada da Estátua da Liberdade), considerada uma das sete maravilhas do mundo antigo?	2	FALSE	92	Em que ilha do mediterrâneo existia uma estátua em pedra de grandes dimensões (de altura approximada da Estátua da Liberdade), considerada uma das sete maravilhas do mundo antigo?	3
ARQUITETURA	Qual é o nome do monumento megalítico em Portugal, conhecido por suas pedras em pé?	Mosteiro de Alcobaça	Templo de Diana	Cromeleque dos Almendres	Stonehenge	3	TRUE	93	Qual é o nome do monumento megalítico em Portugal, conhecido por suas pedras em pé?	3	TRUE	93	Qual é o nome do monumento megalítico em Portugal, conhecido por suas pedras em pé?	4
ARQUITETURA	Qual é o nome do famoso convento português em Tomar, construído no estilo manuelino, que é Património Mundial da UNESCO?	Mosteiro de Santa Cruz	Mosteiro de São Vicente de Fora	Convento de Cristo	Mosteiro dos Jerónimos	3	FALSE	94	Qual é o nome do famoso convento português em Tomar, construído no estilo manuelino, que é Patrimônio Mundial da UNESCO?	4	FALSE	94	Qual é o nome do famoso convento português em Tomar, construído no estilo manuelino, que é Patrimônio Mundial da UNESCO?	3
ARQUITETURA	Qual é o nome do famoso palácio renascentista italiano que abriga a Galeria Uffizi em Florença?	Palazzo Farnese	Palazzo Medici-Riccardi	Palazzo Pitti	Palazzo Vecchio	3	TRUE	95	Qual é o nome do famoso palácio renascentista italiano que abriga a Galeria Uffizi em Florença?	2	TRUE	95	Qual é o nome do famoso palácio renascentista italiano que abriga a Galeria Uffizi em Florença?	2
ARQUITETURA	Quem é o arquiteto renascentista italiano conhecido por projetar a Capela Sistina no Vaticano?	Leonardo da Vinci	Rafael Sanzio	Donato Bramante	Michelangelo Buonarroti	4	TRUE	96	Quem é o arquiteto renascentista italiano conhecido por projetar a Capela Sistina no Vaticano?	4	TRUE	96	Quem é o arquiteto renascentista italiano conhecido por projetar a Capela Sistina no Vaticano?	4
ARQUITETURA	Qual é o nome da famosa fonte renascentista em Roma, projetada por Nicola Salvi, que é uma das maiores atrações da cidade?	Fonte dos Quatro Rios	Fontana dell'Acqua Paola	Fontana di Trevi	Fontana Maggiore	3	TRUE	97	Qual é o nome da famosa fonte renascentista em Roma, projetada por Nicola Salvi, que é uma das maiores atrações da cidade?	3	TRUE	97	Qual é o nome da famosa fonte renascentista em Roma, projetada por Nicola Salvi, que é uma das maiores atrações da cidade?	3
ARQUITETURA	Qual é o nome do estilo arquitetónico medieval conhecido pelas suas paredes espessas, arcos semicirculares e uso de arcos-baixos?	Renascimento	Barroco	Românico	Gótico	3	TRUE	98	Qual é o nome do estilo arquitetónico medieval conhecido pelas suas paredes espessas, arcos semicirculares e uso de arcos-baixos?	4	TRUE	98	Qual é o nome do estilo arquitetónico medieval conhecido pelas suas paredes espessas, arcos semicirculares e uso de arcos-baixos?	4
ARQUITETURA	O estilo Rococó é conhecido por características extravagantes como formas orgânicas (conchas, folhas, etc), linhas curvas e ornamentos elaborados. Em que período histórico se desenvolveu?	Século XX	Idade Média	Século XVIII	Antiguidade Clássica	3	TRUE	99	O estilo Rococó é conhecido por características extravagantes como formas orgânicas (conchas, folhas, etc), linhas curvas e ornamentos elaborados. Em que período histórico se desenvolveu?	3	TRUE	99	O estilo Rococó é conhecido por características extravagantes como formas orgânicas (conchas, folhas, etc), linhas curvas e ornamentos elaborados. Em que período histórico se desenvolveu?	3
ARQUITETURA	O estilo arquitetónico românico está frequentemente associado a quais tipos de edifícios religiosos?	Catedrais e castelos	Sinagogas e mesquitas	Teatros e anfiteatros	Bibliotecas e museus	1	TRUE	100	O estilo arquitetónico românico está frequentemente associado a quais tipos de edifícios religiosos?	1	TRUE	100	O estilo arquitetónico românico está frequentemente associado a quais tipos de edifícios religiosos?	1
ARQUITETURA	Qual é o nome do estilo arquitetónico que se inspirou na arquitetura da Grécia e Roma antigas e se tornou popular durante o Renascimento?	Gótico	Barroco	Neoclássico	Rococó	3	TRUE	101	Qual é o nome do estilo arquitetónico que se inspirou na arquitetura da Grécia e Roma antigas e se tornou popular durante o Renascimento?	3	TRUE	101	Qual é o nome do estilo arquitetónico que se inspirou na arquitetura da Grécia e Roma antigas e se tornou popular durante o Renascimento?	3
ARTES & DESIGN	Quem pintou a "Mona Lisa," uma das obras de arte mais famosas do mundo?	Pablo Picasso	Leonardo da Vinci	Vincent van Gogh	Michelangelo Buonarroti	2	FALSE	102	Quem paintou a "Mona Lisa," uma das obras de arte mais famosas do mundo?	2	FALSE	102	Quem paintou a "Mona Lisa," uma das obras de arte mais famosas do mundo?	2
ARTES & DESIGN	Qual é o nome do famoso pintor espanhol conhecido por seus quadros cubistas, como "Guernica"?	Salvador Dalí	Diego Rivera	Pablo Picasso	Joan Miró	3	TRUE	103	Qual é o nome do famoso pintor espanhol conhecido por seus quadros cubistas, como "Guernica"?	3	TRUE	103	Qual é o nome do famoso pintor espanhol conhecido por seus quadros cubistas, como "Guernica"?	3
ARTES & DESIGN	Qual é o nome do famoso escultor italiano que criou a estátua de "David" e a pintura do teto da Capela Sistina?	Caravaggio	Leonardo da Vinci	Michelangelo Buonarroti	Rafael Sanzio	3	TRUE	104	Qual é o nome do famoso escultor italiano que criou a estátua de "David" e a pintura do teto da Capela Sistina?	4	TRUE	104	Qual é o nome do famoso escultor italiano que criou a estátua de "David" e a pintura do teto da Capela Sistina?	4
ARTES & DESIGN	Quem é o fundador do movimento artístico surrealista e pintou a obra "A Persistência da Memória"?	Salvador Dalí	Joan Miró	René Magritte	Pablo Picasso	1	FALSE	105	Quem é o fundador do movimento artístico surrealista e paintou a obra "A Persistência da Memória"?	2	FALSE	105	Quem é o fundador do movimento artístico surrealista e paintou a obra "A Persistência da Memória"?	2
ARTES & DESIGN	A obra de arte do pintor russo Wassily Kandinsky é fundamentalmente conhecida pela utilização de que elementos?	Representações oníricas	Formas geométricas e cores vibrantes	Naturezas mortas	Cenas campestres	2	TRUE	106	A obra de arte do pintor russo Wassily Kandinsky é fundamentalmente conhecida pela utilização de que elementos?	3	TRUE	106	A obra de arte do pintor russo Wassily Kandinsky é fundamentalmente conhecida pela utilização de que elementos?	3
ARTES & DESIGN	Quem é a famosa pintora mexicana conhecida por suas obras que retratam a cultura mexicana e a luta das mulheres?	Frida Kahlo	Georgia O'Keeffe	Tamara de Lempicka	Louise Bourgeois	1	TRUE	107	Quem é a famosa pintora mexicana conhecida por suas obras que retratam a cultura mexicana e a luta das mulheres?	4	TRUE	107	Quem é a famosa pintora mexicana conhecida por suas obras que retratam a cultura mexicana e a luta das mulheres?	4
ARTES & DESIGN	Qual é o nome do famoso pintor holandês conhecido pelos seus quadros impressionistas com paisagens campestres?	Claude Monet	Vincent van Gogh	Piet Mondrian	Édouard Manet	2	TRUE	108	Qual é o nome do famoso pintor holandês conhecido pelos seus quadros impressionistas com paisagens campestres?	1	TRUE	108	Qual é o nome do famoso pintor holandês conhecido pelos seus quadros impressionistas com paisagens campestres?	1
ARTES & DESIGN	Qual é o nome do movimento artístico que enfatiza a representação realista de cenas do cotidiano e da classe trabalhadora?	Renascimento	Realismo	Impressionismo	Fauvismo	2	TRUE	109	Qual é o nome do movimento artístico que enfatiza a representação realista de cenas do cotidiano e da classe trabalhadora?	2	TRUE	109	Qual é o nome do movimento artístico que enfatiza a representação realista de cenas do cotidiano e da classe trabalhadora?	2
ARTES & DESIGN	Qual é o nome do famoso pintor espanhol que é um dos pioneiros do cubismo e pintou "Les Demoiselles d'Avignon"?	Salvador Dalí	Diego Rivera	Pablo Picasso	Joan Miró	3	TRUE	110	Qual é o nome do famoso pintor espanhol que é um dos pioneiros do cubismo e pintou "Les Demoiselles d'Avignon"?	1	TRUE	110	Qual é o nome do famoso pintor espanhol que é um dos pioneiros do cubismo e pintou "Les Demoiselles d'Avignon"?	1
ARTES & DESIGN	Qual é o nome da técnica de arte japonesa que envolve a criação de imagens usando papel recortado?	Origami	Sumi-e	Kintsugi	Kirigami	4	TRUE	111	Qual é o nome da técnica de arte japonesa que envolve a criação de imagens usando papel recortado?	2	TRUE	111	Qual é o nome da técnica de arte japonesa que envolve a criação de imagens usando papel recortado?	2
ARTES & DESIGN	Quem é o artista italiano famoso por suas pinturas renascentistas, como "A Última Ceia" e "A Mona Lisa"?	Leonardo da Vinci	Michelangelo Buonarroti	Rafael Sanzio	Donatello	1	TRUE	112	Quem é o artista italiano famoso por suas pinturas renascentistas, como "A Última Ceia" e "A Mona Lisa"?	3	TRUE	112	Quem é o artista italiano famoso por suas pinturas renascentistas, como "A Última Ceia" e "A Mona Lisa"?	3
ARTES & DESIGN	Qual é o nome do famoso pintor americano conhecido por suas latas de sopa e retratos de celebridades, muitas vezes associado à pop art?	Roy Lichtenstein	Andy Warhol	Keith Haring	Jackson Pollock	2	TRUE	113	Qual é o nome do famoso pintor americano conhecido por suas latas de sopa e retratos de celebridades, muitas vezes associado à pop art?	4	TRUE	113	Qual é o nome do famoso pintor americano conhecido por suas latas de sopa e retratos de celebridades, muitas vezes associado à pop art?	4
ARTES & DESIGN	Quem é o famoso pintor renascentista italiano que pintou "O Nascimento de Vénus" e "A Primavera"?	Caravaggio	Leonardo da Vinci	Michelangelo Buonarroti	Sandro Botticelli	4	FALSE	114	Quem é o famoso pintor renascentista italiano que paintou "O Nascimento de Vénus" e "A Primeiravera"?	3	FALSE	114	Quem é o famoso pintor renascentista italiano que paintou "O Nascimento de Vénus" e "A Primeiravera"?	3
ARTES & DESIGN	Quem escreveu a obra "Dom Quixote"?	Fernando Pessoa	Machado de Assis	Miguel de Cervantes	William Shakespeare	3	TRUE	115	Quem escreveu a obra "Dom Quixote"?	4	TRUE	115	Quem escreveu a obra "Dom Quixote"?	4
ARTES & DESIGN	Quem é o autor da obra "Cem Anos de Solidão"?	Gabriel García Márquez	Pablo Neruda	Julio Cortázar	Isabel Allende	1	TRUE	116	Quem é o autor da obra "Cem Anos de Solidão"?	3	TRUE	116	Quem é o autor da obra "Cem Anos de Solidão"?	3
ARTES & DESIGN	Qual é o nome da corrente artística que inclui obras de Salvador Dalí e René Magritte e se caracteriza por enfatizar o papel do inconsciente na atividade criativa, integrando elementos oníricos e ilógicos?	Expressionismo	Futurismo	Surrealismo	Cubismo	3	TRUE	117	Qual é o nome da corrente artística que inclui obras de Salvador Dalí e René Magritte e se caracteriza por enfatizar o papel do inconsciente na atividade criativa, integrando elementos oníricos e ilógicos?	3	TRUE	117	Qual é o nome da corrente artística que inclui obras de Salvador Dalí e René Magritte e se caracteriza por enfatizar o papel do inconsciente na atividade criativa, integrando elementos oníricos e ilógicos?	3
ARTES & DESIGN	Quem é o autor da peça de teatro "Romeu e Julieta"?	Anton Chekhov	Tennessee Williams	Arthur Miller	William Shakespeare	4	TRUE	118	Quem é o autor da peça de teatro "Romeu e Julieta"?	4	TRUE	118	Quem é o autor da peça de teatro "Romeu e Julieta"?	4
ARTES & DESIGN	Qual autor é conhecido por escrever a série de livros "Harry Potter"?	J.R.R. Tolkien	J.K. Rowling	George Orwell	Jane Austen	2	TRUE	119	Qual autor é conhecido por escrever a série de livros "Harry Potter"?	3	TRUE	119	Qual autor é conhecido por escrever a série de livros "Harry Potter"?	3
ARTES & DESIGN	Quem é o diretor do filme "E o Vento Levou," um clássico do cinema?	Alfred Hitchcock	Steven Spielberg	Victor Fleming	Quentin Tarantino	3	TRUE	120	Quem é o diretor do filme "E o Vento Levou," um clássico do cinema?	3	TRUE	120	Quem é o diretor do filme "E o Vento Levou," um clássico do cinema?	3
ARTES & DESIGN	Qual é o nome da famosa ópera de Giuseppe Verdi que conta a história de uma escrava etíope?	Aida	Carmen	La Traviata	O Barbeiro de Sevilha	1	TRUE	121	Qual é o nome da famosa ópera de Giuseppe Verdi que conta a história de uma escrava etíope?	3	TRUE	121	Qual é o nome da famosa ópera de Giuseppe Verdi que conta a história de uma escrava etíope?	3
ARTES & DESIGN	Quem é o autor da obra "1984", a famosa distopia futurista que descreve o engano oficial, a vigilância secreta e a manipulação da história registrada por um Estado totalitário?	George Orwell	Aldous Huxley	Ray Bradbury	Fyodor Dostoevsky	1	TRUE	122	Quem é o autor da obra "1984", a famosa distopia futurista que descreve o engano oficial, a vigilância secreta e a manipulação da história registrada por um Estado totalitário?	2	TRUE	122	Quem é o autor da obra "1984", a famosa distopia futurista que descreve o engano oficial, a vigilância secreta e a manipulação da história registrada por um Estado totalitário?	2
ARTES & DESIGN	Qual é o nome do famoso diretor de cinema conhecido por filmes como "Pulp Fiction" e "Kill Bill"?	Steven Spielberg	Quentin Tarantino	Martin Scorsese	Francis Ford Coppola	2	TRUE	123	Qual é o nome do famoso diretor de cinema conhecido por filmes como "Pulp Fiction" e "Kill Bill"?	3	TRUE	123	Qual é o nome do famoso diretor de cinema conhecido por filmes como "Pulp Fiction" e "Kill Bill"?	3
ARTES & DESIGN	Qual é o nome da técnica de pintura que usa pequenos pontos de cor para criar uma imagem quando vistos de longe?	Impressionismo	Pontilhismo	Cubismo	Surrealismo	2	FALSE	124	Qual é o nome da técnica de pintura que usa pequenos pontos de cor para criar uma imagem cuando vistos de longe?	3	TRUE	124	Qual é o nome da técnica de pintura que usa pequenos Pontos de cor para criar uma imagem quando vistos de longe?	3
ARTES & DESIGN	Quem é o diretor do filme "Cidadão Kane," frequentemente considerado um dos maiores filmes de todos os tempos?	Alfred Hitchcock	Orson Welles	Stanley Kubrick	Martin Scorsese	2	FALSE	125	Quem é o diretor do filme "Cidadão Kane," frequentemente considerado um dos melhores filmes de todos os tempos?	2	FALSE	125	Quem é o diretor do filme "Cidadão Kane," frequentemente considerado um dos melhores filmes de todos os tempos?	2
ARTES & DESIGN	Qual é o nome da famosa banda de rock britânica conhecida por álbuns como "The Dark Side of the Moon" e "The Wall"?	Led Zeppelin	The Rolling Stones	Pink Floyd	The Who	3	TRUE	126	Qual é o nome da famosa banda de rock britânica conhecida por álbuns como "The Dark Side of the Moon" e "The Wall"?	3	TRUE	126	Qual é o nome da famosa banda de rock britânica conhecida por álbuns como "The Dark Side of the Moon" e "The Wall"?	3
ARTES & DESIGN	Quem é o autor da série de romances "O Senhor dos Anéis"?	C.S. Lewis	George R.R. Martin	J.K. Rowling	J.R.R. Tolkien	4	TRUE	127	Quem é o autor da série de romances "O Senhor dos Anéis"?	4	TRUE	127	Quem é o autor da série de romances "O Senhor dos Anéis"?	4
ARTES & DESIGN	Qual é o nome do diretor de cinema responsável pela trilogia "O Padrinho"?	Francis Ford Coppola	Quentin Tarantino	Steven Spielberg	Martin Scorsese	1	TRUE	128	Qual é o nome do diretor de cinema responsável pela trilogia "O Padrinho"?	2	TRUE	128	Qual é o nome do diretor de cinema responsável pela trilogia "O Padrinho"?	2
ARTES & DESIGN	Qual é o nome da famosa cantora britânica conhecida por músicas como "Rolling in the Deep" e "Hello"?	Alicia Keys	Adele	Beyoncé	Rihanna	2	TRUE	129	Qual é o nome da famosa cantora britânica conhecida por músicas como "Rolling in the Deep" e "Hello"?	3	TRUE	129	Qual é o nome da famosa cantora britânica conhecida por músicas como "Rolling in the Deep" e "Hello"?	3
ARTES & DESIGN	Qual é o nome da técnica fotográfica que cria uma profundidade de campo muito rasa e desfoca o fundo, destacando o objeto em foco?	Fotografia panorâmica	Fotografia em HDR	Bokeh	Fotografia macro	3	FALSE	130	Bokeh	4	FALSE	130	Qual é o nome da técnica fotográfica que cria uma profundidade de campo muy rasa e desfoca o fundo, destacando o objeto em foco?	4
ARTES & DESIGN	Quem é o autor do romance "Dom Quixote," uma das obras literárias mais importantes da história?	William Shakespeare	Miguel de Cervantes	Johann Wolfgang von Goethe	Jane Austen	2	FALSE	131	Miguel de Cervantes	3	TRUE	131	Quem é o autor do romance "Dom Quixote," uma das obras literárias mais importantes da história?	3
ARTES & DESIGN	Qual é o nome do diretor de cinema conhecido por filmes como "E.T. - O Extraterrestre" e "Jurassic Park"?	George Lucas	Steven Spielberg	Tim Burton	Christopher Nolan	2	FALSE	132	Steven Spielberg	2	TRUE	132	Qual é o nome do diretor de cinema conhecido por filmes como "E.T. - O Extraterrestre" e "Jurassic Park"?	2
ARTES & DESIGN	Qual é o nome do diretor de cinema conhecido por filmes como "Psicose" e "Os Pássaros"?	Alfred Hitchcock	Martin Scorsese	Quentin Tarantino	Tim Burton	1	FALSE	133	Alfred Hitchcock	1	TRUE	133	Qual é o nome do diretor de cinema conhecido por filmes como "Psicose" e "Os Pássaros"?	1
ARTES & DESIGN	Qual é o nome da famosa cantora e atriz conhecida por filmes como "O Mágico de Oz" e "E o Vento Levou"?	Audrey Hepburn	Marilyn Monroe	Judy Garland	Grace Kelly	3	FALSE	134	Judy Garland	3	TRUE	134	Qual é o nome da famosa cantora e atriz conhecida por filmes como "O Mágico de Oz" e "E o Vento Levou"?	3
ARTES & DESIGN	Quem é o autor da série de romances de espionagem "James Bond," também conhecida como 007?	Robert Ludlum	John le Carré	Tom Clancy	Ian Fleming	4	FALSE	135	Ian Fleming	4	TRUE	135	Quem é o autor da série de romances de espionagem "James Bond," também conhecida como 007?	4
CIÊNCIAS DA SAÚDE	O estudo da estrutura do corpo humano chama-se?	Ortopedia	Fisiologia	Anatomia	Filologia	3	FALSE	136	Anatomia	3	TRUE	136	O estudo da estrutura do corpo humano chama-se?	3
CIÊNCIAS DA SAÚDE	O estudo do funcionamento dos órgãos internos é designado de?	Endocrinologia	Ortopedia	Estomatologia	Fisiologia	4	FALSE	137	Fisiologia	2	TRUE	137	O estudo do funcionamento dos órgãos internos é designado de?	2
CIÊNCIAS DA SAÚDE	O que é a homeostase?	Um termo médico para estado de saúde perfeito	Um tipo de tratamento médico	O processo de manutenção do equilíbrio interno do corpo	Um tipo de exame de imagem	3	FALSE	138	O processo de manutenção do equilíbrio interno do corpo	4	TRUE	138	O que é a homeostase?	3
CIÊNCIAS DA SAÚDE	Qual é o nome do processo pelo qual o corpo transforma  os alimentos em substâncias utilizáveis pelo organismo?	Digestão	Circulação	Excreção	Respiração	1	FALSE	139	Digestão	4	FALSE	139	Qual é o nome do processo pelo qual o corpo transforma os alimentos em substâncias utilizáveis pelo organismo?	1
CIÊNCIAS DA SAÚDE	O que é a pressão arterial?	A força exercida pelo ar sobre o corpo humano	A pressão interna nos pulmões	A pressão do sangue nas artérias	A pressão das artérias sobre os ossos	3	TRUE	140	O que é a pressão arterial?	4	TRUE	140	O que é a pressão arterial?	4
CIÊNCIAS DA SAÚDE	O que é a diabetes?	Um distúrbio metabólico caracterizado por níveis elevados de açúcar no sangue	Uma condição médica que afeta os pulmões	Uma doença infecciosa	Um distúrbio do sistema nervoso	1	TRUE	141	O que é a diabetes?	1	TRUE	141	O que é a diabetes?	1
CIÊNCIAS DA SAÚDE	O que é a radioterapia?	Um tipo de cirurgia usando ondas de rádio	Um exame de imagem médica	Um tratamento médico que utiliza radiação para destruir células cancerosas	Um tipo de terapia física	3	TRUE	142	O que é a radioterapia?	4	TRUE	142	O que é a radioterapia?	3
CIÊNCIAS DA SAÚDE	O que é a quimioterapia?	Um tipo de cirurgia de base química	Um tratamento médico que utiliza produtos químicos para matar células cancerosas	Um exame de imagem médica de tumores cancerígenos	Designação genérica para qualquer tratamento baseado em produtos químicos	2	TRUE	143	O que é a quimioterapia?	2	TRUE	143	O que é a quimioterapia?	2
CIÊNCIAS DA SAÚDE	Qual é o sistema do corpo responsável pela produção de hormonas?	Sistema endócrino	Sistema digestivo	Sistema circulatório	Sistema nervoso	1	TRUE	144	Qual é o sistema do corpo responsável pela produção de hormonas?	1	TRUE	144	Qual é o sistema do corpo responsável pela produção de hormonas?	1
CIÊNCIAS DA SAÚDE	Qual é o sistema do corpo responsável pela locomoção e apoio do corpo humano?	Sistema cardiovascular	Sistema muscular e esquelético	Sistema digestivo	Sistema nervoso	2	TRUE	145	Qual é o sistema do corpo responsável pela locomoção e apoio do corpo humano?	2	TRUE	145	Qual é o sistema do corpo responsável pela locomoção e apoio do corpo humano?	2
CIÊNCIAS DA SAÚDE	Qual é o  órgão responsável por produzir insulina no corpo humano?	Fígado	Apêndice	Pâncreas	Vesícula biliar	3	FALSE	146	Qual é o órgão responsável por produzir insulina no corpo humano?	3	FALSE	146	Qual é o órgão responsável por produzir insulina no corpo humano?	3
CIÊNCIAS DA SAÚDE	Qual é o nome da principal substância química de transmissão de sinais entre células nervosas no cérebro?	Serotonina	Insulina	Testosterona	Adrenalina	1	TRUE	147	Qual é o nome da principal substância química de transmissão de sinais entre células nervosas no cérebro?	2	TRUE	147	Qual é o nome da principal substância química de transmissão de sinais entre células nervosas no cérebro?	1
CIÊNCIAS DA SAÚDE	A obstetrícia é um campo da medicina que se concentra em quê?	Obstipação	Gravidez e parto	Obesidade	Obstruções nos vasos sanguíneos	2	TRUE	148	A obstetrícia é um campo da medicina que se concentra em quê?	2	TRUE	148	A obstetrícia é um campo da medicina que se concentra em quê?	2
CIÊNCIAS DA SAÚDE	Qual é o sistema do corpo responsável pela produção de células sanguíneas?	Sistema respiratório	Sistema circulatório	Sistema urinário	Sistema linfático	4	TRUE	149	Qual é o sistema do corpo responsável pela produção de células sanguíneas?	4	TRUE	149	Qual é o sistema do corpo responsável pela produção de células sanguíneas?	2
CIÊNCIAS DA SAÚDE	O que é uma radiografia?	Uma fotografia do sistema nervoso	Um exame que utiliza radiação para produzir imagens internas do corpo	Um exame radiológico de sangue	Um exame que mede a densidade óssea	2	TRUE	150	O que é uma radiografia?	2	TRUE	150	O que é uma radiografia?	2
CIÊNCIAS DA SAÚDE	O que é a hipertensão arterial?	Pressão arterial baixa	Pressão arterial no hiperespaço	Pressão arterial elevada	Pressão arterial irregular	3	TRUE	151	O que é a hipertensão arterial?	3	TRUE	151	O que é a hipertensão arterial?	3
CIÊNCIAS DA SAÚDE	O que é um ecocardiograma?	Um exame de imagem que utiliza ondas sonoras para criar imagens do coração	Um exame para medir a pressão arterial	Um exame realizado com recurso a um esfigmomanómetro	Um exame que mede a densidade óssea	1	TRUE	152	O que é um ecocardiograma?	1	TRUE	152	O que é um ecocardiograma?	1
CIÊNCIAS DA SAÚDE	Como se chama o exame de diagnóstico em que se usa um equipamento especial de raios X para obter um volume de dados do corpo que são depois processados por um computador para obter imagens dos órgãos internos?	Radiografia	Tomografia axial computorizada	Ressonância magnética	Ecografia	2	TRUE	153	Como se chama o exame de diagnóstico em que se usa um equipamento especial de raios X para obter um volume de dados do corpo que são depois processados por um computador para obter imagens dos órgãos internos?	2	TRUE	153	Como se chama o exame de diagnóstico em que se usa um equipamento especial de raios X para obter um volume de dados do corpo que são depois processados por um computador para obter imagens dos órgãos internos?	2
CIÊNCIAS DA SAÚDE	Como se chama o exame de diagnóstico em que se usa um campo magnético para obter um volume de dados do corpo que são depois processados por um computador para sintetizar computacionalmente imagens de grande definição das estruturas internas dos órgãos?	Cintigrafia	Tomografia axial computorizada	Ressonância magnética	Ecografia	3	TRUE	154	Como se chama o exame de diagnóstico em que se usa um campo magnético para obter um volume de dados do corpo que são depois processados por um computador para sintetizar computacionalmente imagens de grande definição das estruturas internas dos órgãos?	2	TRUE	154	Como se chama o exame de diagnóstico em que se usa um campo magnético para obter um volume de dados do corpo que são depois processados por um computador para sintetizar computacionalmente imagens de grande definição das estruturas internas dos órgãos?	2
CIÊNCIAS DA SAÚDE	Como se chama o exame de diagnóstico da especialidade médica da Medicina Nuclear, em que se administra por via endovenosa uma pequena dose de uma substância radioativa que vai fixar-se a um órgão ou alvo específico, permitindo o seu estudo por imagens no equipamento designado por câmara-gama?	Cintigrafia	Tomografia axial computorizada	Ressonância magnética	Ecografia	1	TRUE	155	Como se chama o exame de diagnóstico da especialidade médica da Medicina Nuclear, em que se administra por via endovenosa uma pequena dose de uma substância radioativa que vai fixar-se a um órgão ou alvo específico, permitindo o seu estudo por imagens no equipamento designado por câmara-gama?	1	TRUE	155	Como se chama o exame de diagnóstico da especialidade médica da Medicina Nuclear, em que se administra por via endovenosa uma pequena dose de uma substância radioativa que vai fixar-se a um órgão ou alvo específico, permitindo o seu estudo por imagens no equipamento designado por câmara-gama?	1
CIÊNCIAS DA SAÚDE	Como se chama o exame de diagnóstico em que se regista a atividade elétrica do coração?	Eletrocussão	Eletroencefalograma	Eletrólise cardiográfica	Eletrocardiograma	4	TRUE	156	Como se chama o exame de diagnóstico em que se regista a atividade elétrica do coração?	1	TRUE	156	Como se chama o exame de diagnóstico em que se regista a atividade elétrica do coração?	1
CIÊNCIAS DA SAÚDE	O que é a diabetes tipo 2?	Uma doença autoimune	Um agravamento da diabetes tipo 1	Um distúrbio metabólico caracterizado pela resistência à insulina e níveis elevados de açúcar no sangue	Uma infecção bacteriana	3	TRUE	157	O que é a diabetes tipo 2?	3	TRUE	157	O que é a diabetes tipo 2?	3
CIÊNCIAS DA SAÚDE	O que é a asma?	Uma doença cardíaca	Uma doença que inflama e estreita as vias respiratórias	Uma infecção viral	Uma doença do sistema nervoso	2	TRUE	158	O que é a asma?	2	TRUE	158	O que é a asma?	2
CIÊNCIAS DA SAÚDE	O que é a artrite reumatoide?	Uma doença cardíaca	Uma doença autoimune que afeta as articulações, causando inflamação e dor	Uma infecção bacteriana	Uma doença do sistema nervoso	2	TRUE	159	O que é a artrite reumatoide?	1	TRUE	159	O que é a artrite reumatoide?	1
CIÊNCIAS DA SAÚDE	Qual o impacto do vírus da imunodeficiência humana (VIH)?	Causa a gripe	Afeta o sistema imunológico humano	Causa a diabetes	Afeta o sistema digestivo	2	TRUE	160	Qual o impacto do vírus da imunodeficiência humana (VIH)?	4	TRUE	160	Qual o impacto do vírus da imunodeficiência humana (VIH)?	4
CIÊNCIAS DA SAÚDE	O que é a hepatite?	Uma doença do sistema nervoso	Uma doença cardíaca	Uma inflamação viral do fígado	Uma doença do sistema circulatório	3	TRUE	161	O que é a hepatite?	4	TRUE	161	O que é a hepatite?	4
CIÊNCIAS DA SAÚDE	O que é a esclerose múltipla?	Uma doença cardíaca	Uma doença autoimune que afeta o sistema nervoso central	Uma infecção bacteriana	Uma doença do sistema digestivo	2	TRUE	162	O que é a esclerose múltipla?	3	TRUE	162	O que é a esclerose múltipla?	1
CIÊNCIAS DA SAÚDE	O que é a anemia?	Uma inflamação do estômago	Uma doença autoimune	Um déficit de glóbulos vermelhos saudáveis no sangue	Uma doença cardíaca	3	TRUE	163	O que é a anemia?	3	TRUE	163	O que é a anemia?	3
CIÊNCIAS DA SAÚDE	O que é a doença de Alzheimer?	Uma doença autoimune	Uma doença cardíaca	Uma doença neurodegenerativa que afeta a memória e as funções cognitivas	Uma doença do sistema respiratório	3	TRUE	164	O que é a doença de Alzheimer?	4	TRUE	164	O que é a doença de Alzheimer?	1
CIÊNCIAS DA SAÚDE	O que é a osteoporose?	Uma doença cardíaca	Uma perda de densidade óssea, tornando os ossos frágeis e suscetíveis a fraturas	Uma doença do sistema nervoso	Uma inflamação das articulações	2	TRUE	165	O que é a osteoporose?	3	TRUE	165	O que é a osteoporose?	2
CIÊNCIAS DA SAÚDE	Qual a designação dada a paragens temporárias da respiração durante o sono?	Alopecia	Apneia	Peneira	Síncope	2	TRUE	166	Qual a designação dada a paragens temporárias da respiração durante o sono?	2	TRUE	166	Qual a designação dada a paragens temporárias da respiração durante o sono?	2
CIÊNCIAS DA SAÚDE	Qual a designação do procedimento médico que utiliza um tubo flexível para examinar o interior do corpo?Endoscopia	Cintigrafia	Ressonância magnética	Ecografia	1		TRUE	167	Qual a designação do procedimento médico que utiliza um tubo flexível para examinar o interior do corpo?Endoscopia	1	TRUE	167	Qual a designação do procedimento médico que utiliza um tubo flexível para examinar o interior do corpo?Endoscopia	1
CIÊNCIAS DA SAÚDE	O que é a fibromialgia?	Uma doença cardíaca	Uma condição médica caracterizada por dor muscular e sensibilidade generalizada	Uma doença autoimune	Uma inflamação do fígado	2	TRUE	168	O que é a fibromialgia?	3	TRUE	168	O que é a fibromialgia?	2
CIÊNCIAS DA SAÚDE	O que é a psoríase?	Uma doença cardíaca	Uma condição médica caracterizada por manchas vermelhas e descamação da pele	Uma doença autoimune	Uma inflamação do intestino	2	TRUE	169	O que é a psoríase?	3	TRUE	169	O que é a psoríase?	3
CIÊNCIAS NATURAIS E DO AMBIENTE	O que é ecologia?	O estudo das rochas e minerais	O estudo dos fenómenos atmosféricos	O estudo das relações entre os seres vivos e o ambiente em que vivem	O estudo dos átomos e moléculas	3	TRUE	170	O que é ecologia?	3	TRUE	170	O que é ecologia?	3
CIÊNCIAS NATURAIS E DO AMBIENTE	O que é um ecossistema?	Um grupo de pessoas que partilham os mesmos interesses ambientais	Uma área geográfica onde vários organismos interagem com o ambiente físico	Um tipo de planta aquática	Um sistema político ecológico	2	TRUE	171	O que é um ecossistema?	2	TRUE	171	O que é um ecossistema?	2
CIÊNCIAS NATURAIS E DO AMBIENTE	O que é um predador?	Um organismo que se alimenta apenas de plantas	Um organismo que se alimenta de outros organismos	Uma presa fácil	Um tipo de planta carnívora	2	TRUE	172	O que é um predador?	2	TRUE	172	O que é um predador?	2
CIÊNCIAS NATURAIS E DO AMBIENTE	O que é a biodiversidade?	A variedade genética, de espécies e de ecossistemas	A diferença de genes entre seres vivos de espécies diferentes	O número de seres humanos no planeta	O número de seres vivos no planeta	1	TRUE	173	O que é a biodiversidade?	1	TRUE	173	O que é a biodiversidade?	1
CIÊNCIAS NATURAIS E DO AMBIENTE	O que é uma cadeia alimentar?	Uma sequência de eventos que descreve a produção de alimentos	Uma lista de restaurantes recomendados	Uma representação gráfica das relações alimentares entre diferentes organismos em um ecossistema	Um tipo de armadilha para caçar animais	3	TRUE	174	O que é uma cadeia alimentar?	3	TRUE	174	O que é uma cadeia alimentar?	2
CIÊNCIAS NATURAIS E DO AMBIENTE	O que é a fotossíntese?	O processo pelo qual as plantas convertem a energia solar em alimentos (glicose)	Um tipo de tratamento médico	O processo pelo qual os animais obtêm oxigénio do ar	O processo de decomposição de resíduos orgânicos	1	TRUE	175	O que é a fotossíntese?	1	TRUE	175	O que é a fotossíntese?	1
CIÊNCIAS NATURAIS E DO AMBIENTE	O que é um habitat?	O local onde as pessoas vivem	O local onde os animais vivem e encontram alimentos, água e abrigo	O local onde as plantas crescem	O local onde se guardam os alimentos	2	TRUE	176	O que é um habitat?	2	TRUE	176	O que é um habitat?	2
CIÊNCIAS NATURAIS E DO AMBIENTE	O que é a poluição?	A presença de organismos indesejados em um ecossistema	A introdução de substâncias ou agentes poluentes no ambiente, prejudicando a qualidade do ar, da água ou do solo	A quantidade de chuva em uma região	O número de espécies em extinção	2	TRUE	177	O que é a poluição?	3	TRUE	177	O que é a poluição?	3
CIÊNCIAS NATURAIS E DO AMBIENTE	O que é a simbiose?	Uma relação em que dois organismos de espécies diferentes vivem juntos e beneficiam um ao outro	Uma relação em que dois organismos competem pelo mesmo recurso	Uma relação em que um organismo caça e se alimenta de outro	Uma relação em que um organismo se alimenta de detritos	1	TRUE	178	O que é a simbiose?	1	TRUE	178	O que é a simbiose?	1
CIÊNCIAS NATURAIS E DO AMBIENTE	O que é a teoria da evolução?	Uma explicação científica que postula que as espécies mudam ao longo do tempo através da seleção natural	Uma teoria que afirma que todas as espécies são imutáveis	Um conceito religioso que explica a origem da vida	Um tipo de reprodução assexuada	1	TRUE	179	O que é a teoria da evolução?	1	TRUE	179	O que é a teoria da evolução?	1
CIÊNCIAS NATURAIS E DO AMBIENTE	O que são os genes?	Segmentos de DNA que contêm instruções para a produção de proteínas e influenciam traços hereditários	Pequenas partículas no núcleo das células	Moléculas de oxigénio	Estruturas nas células vegetais	1	TRUE	180	O que são os genes?	1	TRUE	180	O que são os genes?	1
CIÊNCIAS NATURAIS E DO AMBIENTE	O que é a genética?	O estudo dos genes e da hereditariedade	O estudo das rochas e minerais	O estudo das estrelas e planetas	O estudo das reações químicas	1	TRUE	181	O que é a genética?	1	TRUE	181	O que é a genética?	1
CIÊNCIAS NATURAIS E DO AMBIENTE	O que é a geologia?	A ciência que estuda a Terra, sua composição, estrutura e história	A ciência que estuda o espaço sideral	A ciência que estuda o clima	A ciência que estuda as plantas	1	TRUE	182	O que é a geologia?	1	TRUE	182	O que é a geologia?	1
CIÊNCIAS NATURAIS E DO AMBIENTE	O que é um terremoto?	Uma sacudida na superfície da Terra causada por movimentos das placas tectónicas	Um vulcão em erupção	Um deslizamento de terra	Uma tempestade tropical	1	TRUE	183	O que é um terremoto?	1	TRUE	183	O que é um terremoto?	1
CIÊNCIAS NATURAIS E DO AMBIENTE	O que é a erosão?	O desgaste e a remoção de solo e rochas da superfície da Terra, causados por fatores como água, vento e gelo	O processo de formação de montanhas	O movimento das placas tectónicas	O estudo das rochas e minerais	1	TRUE	184	O que é a erosão?	1	TRUE	184	O que é a erosão?	1
CIÊNCIAS NATURAIS E DO AMBIENTE	O que é um vulcão?	Uma abertura na crosta terrestre por onde magma, cinzas e gases podem ser expelidos	Um tipo de terremoto	Um deslizamento de terra	Um cone de areia na praia	1	TRUE	185	O que é um vulcão?	1	TRUE	185	O que é um vulcão?	1
CIÊNCIAS NATURAIS E DO AMBIENTE	O que é uma rocha sedimentar?	Uma rocha formada pela acumulação e compactação de sedimentos, como areia e lodo	Uma rocha formada por magma vulcânico solidificado	Uma rocha formada por metamorfismo	Uma rocha formada por explosões nucleares	1	TRUE	186	O que é uma rocha sedimentar?	1	TRUE	186	O que é uma rocha sedimentar?	1
CIÊNCIAS NATURAIS E DO AMBIENTE	O que é a tectónica de placas?	A teoria que descreve o movimento das placas da crosta terrestre e suas interações	O estudo das rochas sedimentares	O estudo das plantas	O estudo das marés	1	TRUE	187	O que é a tectónica de placas?	1	TRUE	187	O que é a tectónica de placas?	1
CIÊNCIAS NATURAIS E DO AMBIENTE	O que é um mineral?	Um sólido inorgânico com uma estrutura cristalina e uma composição química definida	Um organismo vivo	Um tipo de rocha sedimentar	Um tipo de gás atmosférico	1	TRUE	188	O que é um mineral?	1	TRUE	188	O que é um mineral?	1
CIÊNCIAS NATURAIS E DO AMBIENTE	O que é a topografia?	A descrição da forma e das características físicas da superfície da Terra	O estudo das camadas da atmosfera	O estudo das marés	O estudo dos animais marinhos	1	TRUE	189	O que é a topografia?	1	TRUE	189	O que é a topografia?	1
CIÊNCIAS NATURAIS E DO AMBIENTE	O que é a meteorização?	O processo de desintegração e decomposição das rochas devido a agentes naturais, como chuva, vento e temperatura	O processo de formação de montanhas	O estudo dos vulcões	O estudo dos planetas do sistema solar	1	TRUE	190	O que é a meteorização?	1	TRUE	190	O que é a meteorização?	1
CIÊNCIAS NATURAIS E DO AMBIENTE	O que é uma falha geológica?	Uma fratura na crosta terrestre ao longo da qual ocorreu deslocamento	Um tipo de rocha metamórfica	Uma formação geológica subaquática	Um tipo de minério	1	TRUE	191	O que é uma falha geológica?	1	TRUE	191	O que é uma falha geológica?	1
CIÊNCIAS NATURAIS E DO AMBIENTE	O que é a zoologia?	A ciência que estuda os animais e seu comportamento	A ciência que estuda as rochas e minerais	A ciência que estuda as plantas	A ciência que estuda o clima	1	TRUE	192	O que é a zoologia?	1	TRUE	192	O que é a zoologia?	1
CIÊNCIAS NATURAIS E DO AMBIENTE	Qual é o maior grupo de vertebrados na Terra?	Peixes	Anfíbios	Répteis	Aves	1	TRUE	193	Qual é o maior grupo de vertebrados na Terra?	1	TRUE	193	Qual é o maior grupo de vertebrados na Terra?	1
CIÊNCIAS NATURAIS E DO AMBIENTE	O que é a migração?	O deslocamento sazonal de animais de uma região para outra em busca de condições climáticas mais favoráveis ou recursos alimentares	O comportamento de animais herbívoros	A reprodução de animais	A hibernação de animais	1	TRUE	194	O que é a migração?	1	TRUE	194	O que é a migração?	1
CIÊNCIAS NATURAIS E DO AMBIENTE	Qual é o maior mamífero terrestre?	Elefante africano	Girafa	Rinoceronte	Leão	1	TRUE	195	Qual é o maior mamífero terrestre?	1	TRUE	195	Qual é o maior mamífero terrestre?	1
CIÊNCIAS NATURAIS E DO AMBIENTE	O que é a simetria bilateral?	Uma forma de simetria em que o corpo de um organismo pode ser dividido em duas metades iguais apenas por um plano	Uma forma de simetria em que o corpo de um organismo é simétrico em relação a um único ponto central	Uma forma de simetria em que o corpo de um organismo é assimétrico	Uma forma de simetria em que o corpo de um organismo é simétrico em relação ao eixo longitudinal	1	TRUE	196	O que é a simetria bilateral?	1	TRUE	196	O que é a simetria bilateral?	1
CIÊNCIAS NATURAIS E DO AMBIENTE	O que é um exoesqueleto?	Um revestimento rígido externo que protege e suporta o corpo de alguns animais, como insetos e crustáceos	Um órgão de visão em animais	Um órgão de audição em animais	Um órgão de locomoção em animais	1	TRUE	197	O que é um exoesqueleto?	1	TRUE	197	O que é um exoesqueleto?	1
CIÊNCIAS NATURAIS E DO AMBIENTE	O que é a reprodução assexuada?	Um tipo de reprodução em que os descendentes são geneticamente idênticos ao progenitor	Um tipo de reprodução em que dois progenitores contribuem com material genético para a descendência	Um tipo de reprodução que ocorre apenas em plantas	Um tipo de reprodução que envolve a formação de esporos	1	TRUE	198	O que é a reprodução assexuada?	1	TRUE	198	O que é a reprodução assexuada?	1
CIÊNCIAS NATURAIS E DO AMBIENTE	O que é um anfíbio?	Um grupo de animais que inclui sapos, rãs e salamandras, geralmente com ciclo de vida que envolve a fase larval aquática e a fase adulta terrestre	Um grupo de animais que inclui aves e mamíferos	Um grupo de animais que inclui répteis e aves	Um grupo de animais que inclui peixes e tubarões	1	TRUE	199	O que é um anfíbio?	1	TRUE	199	O que é um anfíbio?	1
CIÊNCIAS NATURAIS E DO AMBIENTE	Qual é a maior espécie de tubarão?	Tubarão-tigre	Tubarão-martelo	Tubarão-branco	Tubarão-de-pontas-negras-do-recife	1	TRUE	200	Qual é a maior espécie de tubarão?	4	TRUE	200	Qual é a maior espécie de tubarão?	4
CIÊNCIAS NATURAIS E DO AMBIENTE	O que é a camuflagem?	Um mecanismo de defesa que permite a um animal se misturar com seu ambiente, tornando-o menos visível para predadores ou presas	Um tipo de alimentação de animais herbívoros	Um tipo de reprodução assexuada	Um mecanismo de comunicação entre animais	1	TRUE	201	O que é a camuflagem?	1	TRUE	201	O que é a camuflagem?	1
CIÊNCIAS NATURAIS E DO AMBIENTE	Qual é o maior oceano do mundo?	Oceano Pacífico	Oceano Atlântico	Oceano Índico	Oceano Ártico	1	TRUE	202	Qual é o maior oceano do mundo?	1	TRUE	202	Qual é o maior oceano do mundo?	1
CIÊNCIAS NATURAIS E DO AMBIENTE	Qual é o ponto mais alto da Terra?	Monte Everest	Monte Kilimanjaro	Monte Fuji	Monte McKinley (Denali)	1	TRUE	203	Qual é o ponto mais alto da Terra?	1	TRUE	203	Qual é o ponto mais alto da Terra?	1
CIÊNCIAS NATURAIS E DO AMBIENTE	Qual é o rio mais longo do mundo?	Rio Amazonas	Rio Nilo	Rio Yangtzé	Rio Mississippi	2	TRUE	204	Qual é o rio mais longo do mundo?	1	TRUE	204	Qual é o rio mais longo do mundo?	1
CIÊNCIAS NATURAIS E DO AMBIENTE	Qual é o maior deserto do mundo?	Deserto do Saara	Deserto de Atacama	Deserto de Gobi	Deserto de Kalahari	1	TRUE	205	Qual é o maior deserto do mundo?	1	TRUE	205	Qual é o maior deserto do mundo?	1
CIÊNCIAS NATURAIS E DO AMBIENTE	Qual é o país mais populoso do mundo?	China	Índia	Estados Unidos	Brasil	1	TRUE	206	Qual é o país mais populoso do mundo?	2	TRUE	206	Qual é o país mais populoso do mundo?	2
CIÊNCIAS NATURAIS E DO AMBIENTE	Onde está localizada a Grande Muralha da China?	China	Índia	Rússia	Egito	1	TRUE	207	Onde está localizada a Grande Muralha da China?	1	TRUE	207	Onde está localizada a Grande Muralha da China?	1
CIÊNCIAS NATURAIS E DO AMBIENTE	Qual é a capital do Brasil?	Brasília	Rio de Janeiro	São Paulo	Buenos Aires	1	TRUE	208	Qual é a capital do Brasil?	1	TRUE	208	Qual é a capital do Brasil?	1
CIÊNCIAS NATURAIS E DO AMBIENTE	Qual é o maior país da América do Sul em área territorial?	Brasil	Argentina	Colômbia	Peru	1	TRUE	209	Qual é o maior país da América do Sul em área territorial?	1	TRUE	209	Qual é o maior país da América do Sul em área territorial?	1
CIÊNCIAS NATURAIS E DO AMBIENTE	Em que continente está localizado o Egito?	África	Ásia	Europa	América	1	TRUE	210	Em que continente está localizado o Egito?	1	TRUE	210	Em que continente está localizado o Egito?	1
CIÊNCIAS NATURAIS E DO AMBIENTE	Qual é a capital da França?	Paris	Londres	Roma	Berlim	1	TRUE	211	Qual é a capital da França?	1	TRUE	211	Qual é a capital da França?	1
CIÊNCIAS NATURAIS E DO AMBIENTE	Em que continente está localizada a Índia?	Europa	África	Ásia	América do Sul	3	TRUE	212	Em que continente está localizada a Índia?	3	TRUE	212	Em que continente está localizada a Índia?	1